alert_code,cse_code,asset_code,severity,category,title,description,created_time,acknowledged_time,closed_time,status,disposition,analyst
ALT-2201,CSE-07,TR-OPS-03,HIGH,brute-force,Repeated authentication failures on SCADA gateway,TCP traffic on port 22 showed 40+ failed auth attempts within 60s,2026-07-14T11:39:00+05:30,,,OPEN,,
ALT-2202,CSE-05,EN-SCADA-04,CRITICAL,c2,Beaconing traffic to known suspicious external IP,Periodic low-volume outbound connections at fixed intervals,2026-07-18T17:22:00+05:30,2026-07-18T17:43:00+05:30,2026-07-18T18:34:00+05:30,CLOSED,Patched and verified,
ALT-2203,CSE-07,,MEDIUM,xss,Cross-site scripting vector identified in operator console,Web application firewall flagged embedded script tags in input fields,2026-07-15T09:38:00+05:30,2026-07-15T09:50:00+05:30,2026-07-15T15:07:00+05:30,RESOLVED,Accounts locked - no compromise confirmed,A. Sharma
ALT-2204,CSE-03,TR-OPS-03,MEDIUM,port-scan,SYN sweep detected across substation network segment,Half-open SYN packets rapidly received across 1-1024 port range,2026-08-04T14:40:00+05:30,2026-08-04T14:43:00+05:30,,IN_PROGRESS,,
ALT-2205,CSE-04,TR-OPS-03,CRITICAL,c2,Periodic outbound telemetry to unverified DNS domain,Persistent TLS session established to unclassified external endpoint,2026-08-05T06:50:00+05:30,2026-08-05T07:10:00+05:30,,IN_PROGRESS,,A. Sharma
ALT-2206,CSE-07,EN-SCADA-04,HIGH,brute-force,SSH credential brute force against engineering server,TCP traffic on port 22 showed 40+ failed auth attempts within 60s,2026-07-18T17:31:00+05:30,,,OPEN,,
ALT-2207,CSE-04,ENG-WRK-07,HIGH,sql-injection,Malformed query string on engineering portal,Time-delay SQL injection signature matched in asset query request,2026-07-20T06:51:00+05:30,,,OPEN,,
ALT-2208,CSE-02,RTU-SUB-01,HIGH,sql-injection,SQL syntax anomaly in historian web reporting interface,Time-delay SQL injection signature matched in asset query request,2026-08-02T11:35:00+05:30,2026-08-02T11:58:00+05:30,,ACKNOWLEDGED,,S. Verma
ALT-2209,CSE-01,RTU-SUB-01,CRITICAL,brute-force,SSH credential brute force against engineering server,TCP traffic on port 22 showed 40+ failed auth attempts within 60s,2026-07-17T17:41:00+05:30,2026-07-17T18:05:00+05:30,2026-07-17T23:48:00+05:30,CLOSED,Patched and verified,
ALT-2210,CSE-04,GATEWAY-DMZ-01,HIGH,exploit-attempt,Exploit payload targeting known CVE on exposed service,Traffic contained a known exploit signature targeting unpatched software,2026-08-02T16:24:00+05:30,2026-08-02T16:34:00+05:30,2026-08-03T00:27:00+05:30,CLOSED,Source IP null-routed at edge firewall,S. Verma
ALT-2211,CSE-02,TR-OPS-14,HIGH,exploit-attempt,Exploit payload targeting known CVE on exposed service,Traffic contained a known exploit signature targeting unpatched software,2026-07-15T02:11:00+05:30,2026-07-15T02:34:00+05:30,,ACKNOWLEDGED,,P. Nair
ALT-2212,CSE-05,EN-SCADA-04,CRITICAL,c2,Periodic outbound telemetry to unverified DNS domain,Persistent TLS session established to unclassified external endpoint,2026-07-19T13:51:00+05:30,2026-07-19T13:53:00+05:30,2026-07-19T16:33:00+05:30,CLOSED,False positive - verified scheduled maintenance,
ALT-2213,CSE-03,TR-OPS-03,CRITICAL,ddos,SYN flood exhausting SCADA telecontrol interface,Inbound byte volume exceeded baseline by over 500%,2026-07-20T02:56:00+05:30,2026-07-20T03:03:00+05:30,2026-07-20T12:20:00+05:30,CLOSED,Confirmed reconnaissance - source blocked,
ALT-2214,CSE-03,PL-PLC-12,HIGH,sql-injection,Malformed query string on engineering portal,Time-delay SQL injection signature matched in asset query request,2026-08-01T06:32:00+05:30,,,OPEN,,
ALT-2215,CSE-04,EN-SCADA-01,HIGH,port-scan,Sequential port scan against historian server,Sequential low-byte TCP connections observed across multiple ports,2026-07-19T02:20:00+05:30,2026-07-19T02:24:00+05:30,2026-07-19T04:32:00+05:30,CLOSED,Source IP null-routed at edge firewall,R. Iyer
ALT-2216,CSE-05,TR-OPS-14,HIGH,sql-injection,Blind SQL injection heuristic triggered on API gateway,HTTP request to internal web portal contained SQL injection syntax,2026-07-20T04:45:00+05:30,2026-07-20T05:06:00+05:30,2026-07-20T12:43:00+05:30,CLOSED,Patched and verified,K. Rao
ALT-2217,CSE-07,PL-PLC-12,CRITICAL,ddos,UDP amplification traffic targeted at field network switch,High-bandwidth NTP/DNS reflection flood impacting telemetry transmission,2026-07-25T03:07:00+05:30,2026-07-25T03:25:00+05:30,2026-07-25T11:34:00+05:30,RESOLVED,Accounts locked - no compromise confirmed,A. Sharma
ALT-2218,CSE-02,EN-SCADA-04,HIGH,credential-stuffing,Automated credential replay attacking telemetry API,Automated login attempts observed across multiple accounts,2026-08-03T21:59:00+05:30,2026-08-03T22:01:00+05:30,,ACKNOWLEDGED,,R. Iyer
ALT-2219,CSE-07,EN-SCADA-02,MEDIUM,xss,Suspicious script payload in web form submission,Unsanitized HTML payload containing JavaScript tags blocked at gateway,2026-07-11T08:38:00+05:30,2026-07-11T08:47:00+05:30,2026-07-11T14:08:00+05:30,CLOSED,Source IP null-routed at edge firewall,A. Sharma
ALT-2220,CSE-05,TR-OPS-14,HIGH,exploit-attempt,Buffer overflow probe targeting legacy PLC firmware,Malicious byte sequence designed to trigger stack corruption detected,2026-07-16T19:13:00+05:30,,,OPEN,,P. Nair
ALT-2221,CSE-03,,CRITICAL,c2,Encrypted reverse shell communication from maintenance workstation,Periodic low-volume outbound connections at fixed intervals,2026-08-06T20:59:00+05:30,,,OPEN,,
ALT-2222,CSE-03,TR-OPS-03,MEDIUM,xss,Stored XSS pattern detected in system event log comments,Unsanitized HTML payload containing JavaScript tags blocked at gateway,2026-07-14T12:21:00+05:30,2026-07-14T12:28:00+05:30,2026-07-14T17:51:00+05:30,RESOLVED,Firewall rule applied - traffic suppressed,A. Sharma
ALT-2223,CSE-01,,MEDIUM,port-scan,Distributed reconnaissance probing OT gateway,Sequential low-byte TCP connections observed across multiple ports,2026-07-12T09:07:00+05:30,2026-07-12T09:14:00+05:30,,ACKNOWLEDGED,,P. Nair
ALT-2224,CSE-04,,LOW,xss,Suspicious script payload in web form submission,Unsanitized HTML payload containing JavaScript tags blocked at gateway,2026-07-08T05:36:00+05:30,2026-07-08T05:46:00+05:30,2026-07-08T14:06:00+05:30,RESOLVED,Firewall rule applied - traffic suppressed,P. Nair
ALT-2225,CSE-07,,HIGH,sql-injection,Malformed query string on engineering portal,HTTP request to internal web portal contained SQL injection syntax,2026-08-03T11:52:00+05:30,2026-08-03T11:55:00+05:30,2026-08-03T17:58:00+05:30,CLOSED,Confirmed reconnaissance - source blocked,R. Iyer
ALT-2226,CSE-05,,HIGH,sql-injection,Blind SQL injection heuristic triggered on API gateway,HTTP request to internal web portal contained SQL injection syntax,2026-07-16T14:13:00+05:30,,,OPEN,,
ALT-2227,CSE-07,RTU-SUB-01,CRITICAL,c2,Encrypted reverse shell communication from maintenance workstation,Periodic low-volume outbound connections at fixed intervals,2026-08-03T11:35:00+05:30,2026-08-03T11:38:00+05:30,2026-08-03T13:43:00+05:30,CLOSED,Source IP null-routed at edge firewall,
ALT-2228,CSE-05,ENG-WRK-02,CRITICAL,ddos,UDP amplification traffic targeted at field network switch,High packet-per-second SYN burst causing connection pool exhaustion,2026-07-18T23:57:00+05:30,2026-07-19T00:11:00+05:30,,IN_PROGRESS,,A. Sharma
ALT-2229,CSE-07,HIST-SRV-01,HIGH,exploit-attempt,Exploit payload targeting known CVE on exposed service,Traffic contained a known exploit signature targeting unpatched software,2026-07-28T23:49:00+05:30,2026-07-29T00:09:00+05:30,2026-07-29T02:16:00+05:30,CLOSED,Confirmed reconnaissance - source blocked,K. Rao
ALT-2230,CSE-02,RTU-SUB-05,LOW,sql-injection,Malformed query string on engineering portal,Union-based SELECT payload identified in user parameter field,2026-07-21T02:31:00+05:30,2026-07-21T02:47:00+05:30,,ACKNOWLEDGED,,K. Rao
ALT-2231,CSE-07,HIST-SRV-01,HIGH,brute-force,Multiple RDP failed logons on historian node,High rate of NTLM login failures originating from untrusted subnet,2026-07-12T20:23:00+05:30,2026-07-12T20:33:00+05:30,,ACKNOWLEDGED,,R. Iyer
ALT-2232,CSE-01,TR-OPS-14,CRITICAL,ddos,Volumetric traffic spike against signalling gateway,High-bandwidth NTP/DNS reflection flood impacting telemetry transmission,2026-07-23T17:46:00+05:30,2026-07-23T18:09:00+05:30,,ACKNOWLEDGED,,
ALT-2233,CSE-03,,LOW,ddos,Volumetric traffic spike against signalling gateway,High-bandwidth NTP/DNS reflection flood impacting telemetry transmission,2026-07-27T09:54:00+05:30,2026-07-27T09:57:00+05:30,,IN_PROGRESS,,R. Iyer
ALT-2234,CSE-03,TR-OPS-14,CRITICAL,ddos,SYN flood exhausting SCADA telecontrol interface,High-bandwidth NTP/DNS reflection flood impacting telemetry transmission,2026-07-27T14:23:00+05:30,2026-07-27T14:25:00+05:30,2026-07-27T17:02:00+05:30,CLOSED,Confirmed reconnaissance - source blocked,
ALT-2235,CSE-02,EN-SCADA-02,HIGH,credential-stuffing,High-volume login attempts using leaked credentials,Coordinated brute-force replay utilizing breached username/password pairs,2026-07-13T22:27:00+05:30,,,OPEN,,
ALT-2236,CSE-01,ENG-WRK-07,MEDIUM,xss,Stored XSS pattern detected in system event log comments,Web application firewall flagged embedded script tags in input fields,2026-07-24T05:33:00+05:30,2026-07-24T05:48:00+05:30,2026-07-24T08:56:00+05:30,CLOSED,Patched and verified,A. Sharma
ALT-2237,CSE-02,,HIGH,brute-force,SSH credential brute force against engineering server,High rate of NTLM login failures originating from untrusted subnet,2026-07-19T10:18:00+05:30,2026-07-19T10:25:00+05:30,,IN_PROGRESS,,
ALT-2238,CSE-01,GATEWAY-DMZ-01,MEDIUM,brute-force,Repeated authentication failures on SCADA gateway,High rate of NTLM login failures originating from untrusted subnet,2026-07-24T01:10:00+05:30,2026-07-24T01:19:00+05:30,,IN_PROGRESS,,A. Sharma
ALT-2239,CSE-01,PL-PLC-12,CRITICAL,c2,Beaconing traffic to known suspicious external IP,Command-and-control beacon signature matched in egress traffic,2026-07-24T02:47:00+05:30,2026-07-24T03:01:00+05:30,2026-07-24T12:41:00+05:30,CLOSED,False positive - verified scheduled maintenance,R. Iyer
ALT-2240,CSE-01,RTU-SUB-05,HIGH,sql-injection,SQL syntax anomaly in historian web reporting interface,HTTP request to internal web portal contained SQL injection syntax,2026-07-13T01:39:00+05:30,2026-07-13T01:54:00+05:30,2026-07-13T08:17:00+05:30,CLOSED,False positive - verified scheduled maintenance,P. Nair
ALT-2241,CSE-05,TR-OPS-03,MEDIUM,c2,Periodic outbound telemetry to unverified DNS domain,Periodic low-volume outbound connections at fixed intervals,2026-07-27T23:32:00+05:30,,,OPEN,,
ALT-2242,CSE-05,PL-PLC-12,HIGH,credential-stuffing,Automated credential replay attacking telemetry API,Coordinated brute-force replay utilizing breached username/password pairs,2026-08-05T11:54:00+05:30,2026-08-05T12:17:00+05:30,,IN_PROGRESS,,R. Iyer
ALT-2243,CSE-07,HIST-SRV-01,CRITICAL,ddos,SYN flood exhausting SCADA telecontrol interface,High packet-per-second SYN burst causing connection pool exhaustion,2026-07-21T14:11:00+05:30,2026-07-21T14:17:00+05:30,2026-07-21T18:12:00+05:30,CLOSED,Source IP null-routed at edge firewall,
ALT-2244,CSE-04,PL-PLC-09,CRITICAL,ddos,Volumetric traffic spike against signalling gateway,High packet-per-second SYN burst causing connection pool exhaustion,2026-07-21T04:38:00+05:30,2026-07-21T04:53:00+05:30,,ACKNOWLEDGED,,K. Rao
ALT-2245,CSE-05,ENG-WRK-02,HIGH,exploit-attempt,Remote code execution string identified in Modbus/TCP stream,Traffic contained a known exploit signature targeting unpatched software,2026-07-31T09:35:00+05:30,2026-07-31T10:00:00+05:30,2026-07-31T13:13:00+05:30,RESOLVED,Compromised host isolated and imaged,R. Iyer
ALT-2246,CSE-03,ENG-WRK-02,MEDIUM,port-scan,Distributed reconnaissance probing OT gateway,Half-open SYN packets rapidly received across 1-1024 port range,2026-07-18T08:37:00+05:30,2026-07-18T08:43:00+05:30,,ACKNOWLEDGED,,R. Iyer
ALT-2247,CSE-01,RTU-SUB-01,HIGH,exploit-attempt,Exploit payload targeting known CVE on exposed service,Malicious byte sequence designed to trigger stack corruption detected,2026-07-26T23:55:00+05:30,2026-07-27T00:03:00+05:30,2026-07-27T07:13:00+05:30,CLOSED,Source IP null-routed at edge firewall,P. Nair
ALT-2248,CSE-02,TR-OPS-14,LOW,brute-force,SSH credential brute force against engineering server,TCP traffic on port 22 showed 40+ failed auth attempts within 60s,2026-07-16T03:21:00+05:30,2026-07-16T03:37:00+05:30,2026-07-16T04:57:00+05:30,CLOSED,Patched and verified,R. Iyer
ALT-2249,CSE-04,TR-OPS-14,HIGH,exploit-attempt,Remote code execution string identified in Modbus/TCP stream,Packet structure matched signature for CVE-2023 remote execution attempt,2026-07-22T13:49:00+05:30,2026-07-22T14:10:00+05:30,2026-07-22T23:10:00+05:30,RESOLVED,Firewall rule applied - traffic suppressed,K. Rao
ALT-2250,CSE-04,PL-PLC-09,HIGH,exploit-attempt,Exploit payload targeting known CVE on exposed service,Packet structure matched signature for CVE-2023 remote execution attempt,2026-07-20T18:08:00+05:30,2026-07-20T18:25:00+05:30,2026-07-20T22:57:00+05:30,CLOSED,False positive - verified scheduled maintenance,P. Nair
ALT-2251,CSE-01,HIST-SRV-01,MEDIUM,xss,Cross-site scripting vector identified in operator console,Reflected DOM manipulation attempt flagged in HTTP GET request,2026-07-11T19:15:00+05:30,2026-07-11T19:21:00+05:30,,ACKNOWLEDGED,,A. Sharma
ALT-2252,CSE-04,TR-OPS-14,MEDIUM,xss,Cross-site scripting vector identified in operator console,Unsanitized HTML payload containing JavaScript tags blocked at gateway,2026-08-01T19:55:00+05:30,2026-08-01T20:10:00+05:30,2026-08-01T21:43:00+05:30,RESOLVED,Accounts locked - no compromise confirmed,P. Nair
ALT-2253,CSE-04,EN-SCADA-01,CRITICAL,c2,Periodic outbound telemetry to unverified DNS domain,Command-and-control beacon signature matched in egress traffic,2026-07-25T21:13:00+05:30,2026-07-25T21:32:00+05:30,2026-07-26T01:43:00+05:30,RESOLVED,Firewall rule applied - traffic suppressed,A. Sharma
ALT-2254,CSE-03,,HIGH,exploit-attempt,Buffer overflow probe targeting legacy PLC firmware,Packet structure matched signature for CVE-2023 remote execution attempt,2026-07-26T12:52:00+05:30,2026-07-26T13:08:00+05:30,,ACKNOWLEDGED,,A. Sharma
ALT-2255,CSE-05,EN-SCADA-01,CRITICAL,c2,Encrypted reverse shell communication from maintenance workstation,Periodic low-volume outbound connections at fixed intervals,2026-07-11T22:56:00+05:30,2026-07-11T23:02:00+05:30,2026-07-12T07:33:00+05:30,RESOLVED,Accounts locked - no compromise confirmed,R. Iyer
ALT-2256,CSE-03,GATEWAY-DMZ-01,HIGH,credential-stuffing,Distributed account takeover attempts across operator accounts,Coordinated brute-force replay utilizing breached username/password pairs,2026-07-25T09:21:00+05:30,2026-07-25T09:36:00+05:30,,IN_PROGRESS,,S. Verma
ALT-2257,CSE-01,,HIGH,brute-force,Repeated authentication failures on SCADA gateway,High rate of NTLM login failures originating from untrusted subnet,2026-07-18T08:09:00+05:30,,,OPEN,,
ALT-2258,CSE-07,EN-SCADA-02,MEDIUM,brute-force,Repeated authentication failures on SCADA gateway,Burst of failed authentication handshakes targeting remote access console,2026-07-15T01:41:00+05:30,2026-07-15T01:47:00+05:30,,ACKNOWLEDGED,,P. Nair
ALT-2259,CSE-07,TR-OPS-03,MEDIUM,xss,Cross-site scripting vector identified in operator console,Unsanitized HTML payload containing JavaScript tags blocked at gateway,2026-07-15T18:31:00+05:30,2026-07-15T18:52:00+05:30,2026-07-15T21:13:00+05:30,CLOSED,Patched and verified,S. Verma
ALT-2260,CSE-01,EN-SCADA-01,CRITICAL,ddos,SYN flood exhausting SCADA telecontrol interface,High packet-per-second SYN burst causing connection pool exhaustion,2026-07-17T03:52:00+05:30,,,OPEN,,
ALT-2261,CSE-07,RTU-SUB-01,MEDIUM,port-scan,SYN sweep detected across substation network segment,Stealth FIN scan detected targeting SCADA network perimeter,2026-08-04T11:03:00+05:30,,,OPEN,,
ALT-2262,CSE-05,EN-SCADA-02,HIGH,credential-stuffing,Automated credential replay attacking telemetry API,Coordinated brute-force replay utilizing breached username/password pairs,2026-07-11T06:34:00+05:30,2026-07-11T06:56:00+05:30,2026-07-11T13:08:00+05:30,CLOSED,Confirmed reconnaissance - source blocked,P. Nair
ALT-2263,CSE-04,TR-OPS-03,CRITICAL,c2,Encrypted reverse shell communication from maintenance workstation,Periodic low-volume outbound connections at fixed intervals,2026-07-27T22:55:00+05:30,2026-07-27T23:20:00+05:30,,ACKNOWLEDGED,,K. Rao
ALT-2264,CSE-07,RTU-SUB-05,HIGH,exploit-attempt,Remote code execution string identified in Modbus/TCP stream,Packet structure matched signature for CVE-2023 remote execution attempt,2026-07-20T08:24:00+05:30,2026-07-20T08:33:00+05:30,,IN_PROGRESS,,R. Iyer
ALT-2265,CSE-03,,MEDIUM,xss,Stored XSS pattern detected in system event log comments,Reflected DOM manipulation attempt flagged in HTTP GET request,2026-07-25T09:12:00+05:30,2026-07-25T09:14:00+05:30,,IN_PROGRESS,,P. Nair
ALT-2266,CSE-03,PL-PLC-09,HIGH,exploit-attempt,Buffer overflow probe targeting legacy PLC firmware,Malicious byte sequence designed to trigger stack corruption detected,2026-07-20T20:42:00+05:30,2026-07-20T21:06:00+05:30,2026-07-21T02:09:00+05:30,CLOSED,Confirmed reconnaissance - source blocked,K. Rao
ALT-2267,CSE-02,EN-SCADA-04,MEDIUM,xss,Cross-site scripting vector identified in operator console,Reflected DOM manipulation attempt flagged in HTTP GET request,2026-07-19T01:44:00+05:30,2026-07-19T02:06:00+05:30,2026-07-19T10:51:00+05:30,RESOLVED,Firewall rule applied - traffic suppressed,R. Iyer
ALT-2268,CSE-01,HIST-SRV-01,MEDIUM,xss,Suspicious script payload in web form submission,Unsanitized HTML payload containing JavaScript tags blocked at gateway,2026-08-03T14:27:00+05:30,2026-08-03T14:44:00+05:30,,IN_PROGRESS,,K. Rao
ALT-2269,CSE-05,ENG-WRK-07,HIGH,c2,Periodic outbound telemetry to unverified DNS domain,Persistent TLS session established to unclassified external endpoint,2026-07-28T18:51:00+05:30,2026-07-28T19:02:00+05:30,,IN_PROGRESS,,S. Verma
ALT-2270,CSE-02,TR-OPS-03,MEDIUM,xss,Stored XSS pattern detected in system event log comments,Reflected DOM manipulation attempt flagged in HTTP GET request,2026-07-16T13:28:00+05:30,2026-07-16T13:36:00+05:30,,ACKNOWLEDGED,,
ALT-2271,CSE-04,RTU-SUB-05,MEDIUM,ddos,SYN flood exhausting SCADA telecontrol interface,Inbound byte volume exceeded baseline by over 500%,2026-07-24T13:25:00+05:30,2026-07-24T13:36:00+05:30,,ACKNOWLEDGED,,R. Iyer
ALT-2272,CSE-07,TR-OPS-14,CRITICAL,ddos,Volumetric traffic spike against signalling gateway,High-bandwidth NTP/DNS reflection flood impacting telemetry transmission,2026-07-21T10:20:00+05:30,2026-07-21T10:42:00+05:30,,ACKNOWLEDGED,,P. Nair
ALT-2273,CSE-01,EN-SCADA-01,CRITICAL,ddos,SYN flood exhausting SCADA telecontrol interface,High packet-per-second SYN burst causing connection pool exhaustion,2026-07-16T12:37:00+05:30,,,OPEN,,P. Nair
ALT-2274,CSE-01,EN-SCADA-04,CRITICAL,c2,Encrypted reverse shell communication from maintenance workstation,Persistent TLS session established to unclassified external endpoint,2026-07-10T13:48:00+05:30,2026-07-10T13:54:00+05:30,,ACKNOWLEDGED,,K. Rao
ALT-2275,CSE-03,EN-SCADA-04,MEDIUM,xss,Cross-site scripting vector identified in operator console,Reflected DOM manipulation attempt flagged in HTTP GET request,2026-08-04T06:22:00+05:30,2026-08-04T06:31:00+05:30,2026-08-04T16:02:00+05:30,CLOSED,Source IP null-routed at edge firewall,P. Nair
ALT-2276,CSE-04,HIST-SRV-01,CRITICAL,c2,Encrypted reverse shell communication from maintenance workstation,Periodic low-volume outbound connections at fixed intervals,2026-08-04T21:07:00+05:30,,,OPEN,,
ALT-2277,CSE-02,PL-PLC-12,CRITICAL,ddos,Volumetric traffic spike against signalling gateway,Inbound byte volume exceeded baseline by over 500%,2026-07-16T01:06:00+05:30,2026-07-16T01:10:00+05:30,2026-07-16T04:31:00+05:30,CLOSED,Confirmed reconnaissance - source blocked,P. Nair
ALT-2278,CSE-04,,CRITICAL,ddos,SYN flood exhausting SCADA telecontrol interface,High-bandwidth NTP/DNS reflection flood impacting telemetry transmission,2026-07-21T00:03:00+05:30,2026-07-21T00:07:00+05:30,2026-07-21T04:47:00+05:30,RESOLVED,Firewall rule applied - traffic suppressed,
ALT-2279,CSE-05,PL-PLC-12,CRITICAL,c2,Beaconing traffic to known suspicious external IP,Persistent TLS session established to unclassified external endpoint,2026-07-14T21:59:00+05:30,2026-07-14T22:05:00+05:30,,IN_PROGRESS,,R. Iyer
ALT-2280,CSE-01,PL-PLC-09,CRITICAL,ddos,UDP amplification traffic targeted at field network switch,High packet-per-second SYN burst causing connection pool exhaustion,2026-07-28T02:55:00+05:30,,,OPEN,,
ALT-2281,CSE-03,GATEWAY-DMZ-01,CRITICAL,ddos,SYN flood exhausting SCADA telecontrol interface,High packet-per-second SYN burst causing connection pool exhaustion,2026-07-11T19:06:00+05:30,2026-07-11T19:09:00+05:30,2026-07-12T03:13:00+05:30,CLOSED,False positive - verified scheduled maintenance,K. Rao
ALT-2282,CSE-03,EN-SCADA-01,MEDIUM,port-scan,Distributed reconnaissance probing OT gateway,Stealth FIN scan detected targeting SCADA network perimeter,2026-08-03T20:32:00+05:30,,,OPEN,,
ALT-2283,CSE-07,RTU-SUB-05,HIGH,brute-force,Repeated authentication failures on SCADA gateway,High rate of NTLM login failures originating from untrusted subnet,2026-07-31T18:05:00+05:30,2026-07-31T18:15:00+05:30,2026-07-31T21:55:00+05:30,RESOLVED,Compromised host isolated and imaged,P. Nair
ALT-2284,CSE-07,,MEDIUM,port-scan,SYN sweep detected across substation network segment,Half-open SYN packets rapidly received across 1-1024 port range,2026-07-22T17:55:00+05:30,,,OPEN,,
ALT-2285,CSE-03,,HIGH,exploit-attempt,Buffer overflow probe targeting legacy PLC firmware,Packet structure matched signature for CVE-2023 remote execution attempt,2026-07-09T19:19:00+05:30,2026-07-09T19:23:00+05:30,2026-07-10T01:26:00+05:30,RESOLVED,Firewall rule applied - traffic suppressed,S. Verma
ALT-2286,CSE-01,GATEWAY-DMZ-01,HIGH,brute-force,Multiple RDP failed logons on historian node,High rate of NTLM login failures originating from untrusted subnet,2026-07-26T22:37:00+05:30,,,OPEN,,S. Verma
ALT-2287,CSE-05,,HIGH,exploit-attempt,Exploit payload targeting known CVE on exposed service,Malicious byte sequence designed to trigger stack corruption detected,2026-08-02T03:08:00+05:30,2026-08-02T03:19:00+05:30,,ACKNOWLEDGED,,P. Nair
ALT-2288,CSE-07,,MEDIUM,port-scan,Distributed reconnaissance probing OT gateway,Stealth FIN scan detected targeting SCADA network perimeter,2026-07-19T00:37:00+05:30,2026-07-19T00:48:00+05:30,,ACKNOWLEDGED,,K. Rao
ALT-2289,CSE-01,,MEDIUM,port-scan,Sequential port scan against historian server,Half-open SYN packets rapidly received across 1-1024 port range,2026-07-13T11:33:00+05:30,2026-07-13T11:50:00+05:30,,ACKNOWLEDGED,,
ALT-2290,CSE-03,RTU-SUB-05,CRITICAL,c2,Beaconing traffic to known suspicious external IP,Command-and-control beacon signature matched in egress traffic,2026-08-02T05:22:00+05:30,2026-08-02T05:36:00+05:30,,ACKNOWLEDGED,,A. Sharma
ALT-2291,CSE-05,TR-OPS-14,MEDIUM,port-scan,SYN sweep detected across substation network segment,Half-open SYN packets rapidly received across 1-1024 port range,2026-07-31T05:50:00+05:30,2026-07-31T05:52:00+05:30,,IN_PROGRESS,,S. Verma
ALT-2292,CSE-07,HIST-SRV-01,CRITICAL,exploit-attempt,Remote code execution string identified in Modbus/TCP stream,Malicious byte sequence designed to trigger stack corruption detected,2026-07-23T20:13:00+05:30,2026-07-23T20:32:00+05:30,,IN_PROGRESS,,K. Rao
ALT-2293,CSE-04,,MEDIUM,credential-stuffing,Automated credential replay attacking telemetry API,Coordinated brute-force replay utilizing breached username/password pairs,2026-07-18T18:21:00+05:30,2026-07-18T18:24:00+05:30,2026-07-19T00:31:00+05:30,RESOLVED,Compromised host isolated and imaged,P. Nair
ALT-2294,CSE-07,GATEWAY-DMZ-01,MEDIUM,c2,Periodic outbound telemetry to unverified DNS domain,Periodic low-volume outbound connections at fixed intervals,2026-07-13T21:08:00+05:30,2026-07-13T21:28:00+05:30,2026-07-14T03:32:00+05:30,CLOSED,Confirmed reconnaissance - source blocked,P. Nair
ALT-2295,CSE-01,,HIGH,brute-force,SSH credential brute force against engineering server,Burst of failed authentication handshakes targeting remote access console,2026-07-15T03:51:00+05:30,,,OPEN,,
ALT-2296,CSE-03,ENG-WRK-02,CRITICAL,c2,Periodic outbound telemetry to unverified DNS domain,Persistent TLS session established to unclassified external endpoint,2026-08-01T10:06:00+05:30,2026-08-01T10:18:00+05:30,2026-08-01T19:10:00+05:30,RESOLVED,Compromised host isolated and imaged,R. Iyer
ALT-2297,CSE-05,EN-SCADA-04,MEDIUM,xss,Cross-site scripting vector identified in operator console,Web application firewall flagged embedded script tags in input fields,2026-07-12T05:58:00+05:30,2026-07-12T06:03:00+05:30,2026-07-12T08:25:00+05:30,RESOLVED,Firewall rule applied - traffic suppressed,A. Sharma
ALT-2298,CSE-07,HIST-SRV-01,HIGH,brute-force,Repeated authentication failures on SCADA gateway,High rate of NTLM login failures originating from untrusted subnet,2026-07-24T10:47:00+05:30,2026-07-24T11:02:00+05:30,,IN_PROGRESS,,A. Sharma
ALT-2299,CSE-02,,HIGH,sql-injection,Malformed query string on engineering portal,Time-delay SQL injection signature matched in asset query request,2026-07-25T13:05:00+05:30,2026-07-25T13:28:00+05:30,2026-07-25T17:56:00+05:30,CLOSED,Source IP null-routed at edge firewall,K. Rao
ALT-2300,CSE-02,RTU-SUB-01,HIGH,exploit-attempt,Buffer overflow probe targeting legacy PLC firmware,Malicious byte sequence designed to trigger stack corruption detected,2026-07-08T13:30:00+05:30,2026-07-08T13:41:00+05:30,2026-07-08T16:56:00+05:30,RESOLVED,Accounts locked - no compromise confirmed,P. Nair
ALT-2301,CSE-03,HIST-SRV-01,CRITICAL,c2,Periodic outbound telemetry to unverified DNS domain,Command-and-control beacon signature matched in egress traffic,2026-07-17T04:50:00+05:30,2026-07-17T05:07:00+05:30,2026-07-17T07:24:00+05:30,RESOLVED,Accounts locked - no compromise confirmed,P. Nair
ALT-2302,CSE-05,ENG-WRK-07,HIGH,ddos,Volumetric traffic spike against signalling gateway,High-bandwidth NTP/DNS reflection flood impacting telemetry transmission,2026-07-26T03:34:00+05:30,2026-07-26T03:36:00+05:30,,IN_PROGRESS,,K. Rao
ALT-2303,CSE-07,EN-SCADA-02,HIGH,exploit-attempt,Exploit payload targeting known CVE on exposed service,Packet structure matched signature for CVE-2023 remote execution attempt,2026-07-24T04:04:00+05:30,2026-07-24T04:26:00+05:30,,ACKNOWLEDGED,,A. Sharma
ALT-2304,CSE-05,RTU-SUB-05,HIGH,sql-injection,Blind SQL injection heuristic triggered on API gateway,Time-delay SQL injection signature matched in asset query request,2026-07-09T22:18:00+05:30,2026-07-09T22:34:00+05:30,,IN_PROGRESS,,R. Iyer
ALT-2305,CSE-05,ENG-WRK-07,HIGH,sql-injection,SQL syntax anomaly in historian web reporting interface,Union-based SELECT payload identified in user parameter field,2026-07-27T01:05:00+05:30,2026-07-27T01:13:00+05:30,,ACKNOWLEDGED,,A. Sharma
ALT-2306,CSE-05,ENG-WRK-07,HIGH,ddos,SYN flood exhausting SCADA telecontrol interface,High packet-per-second SYN burst causing connection pool exhaustion,2026-07-23T13:13:00+05:30,,,OPEN,,
ALT-2307,CSE-01,TR-OPS-14,CRITICAL,xss,Stored XSS pattern detected in system event log comments,Unsanitized HTML payload containing JavaScript tags blocked at gateway,2026-07-12T05:53:00+05:30,2026-07-12T05:55:00+05:30,2026-07-12T11:08:00+05:30,RESOLVED,Compromised host isolated and imaged,R. Iyer
ALT-2308,CSE-04,ENG-WRK-07,CRITICAL,ddos,UDP amplification traffic targeted at field network switch,High packet-per-second SYN burst causing connection pool exhaustion,2026-07-13T01:35:00+05:30,2026-07-13T01:52:00+05:30,,ACKNOWLEDGED,,R. Iyer
ALT-2309,CSE-05,ENG-WRK-02,MEDIUM,xss,Stored XSS pattern detected in system event log comments,Unsanitized HTML payload containing JavaScript tags blocked at gateway,2026-07-21T21:19:00+05:30,2026-07-21T21:24:00+05:30,2026-07-22T00:27:00+05:30,RESOLVED,Accounts locked - no compromise confirmed,R. Iyer
ALT-2310,CSE-03,,MEDIUM,port-scan,Distributed reconnaissance probing OT gateway,Sequential low-byte TCP connections observed across multiple ports,2026-07-25T19:45:00+05:30,2026-07-25T19:58:00+05:30,2026-07-26T05:43:00+05:30,RESOLVED,Firewall rule applied - traffic suppressed,K. Rao
ALT-2311,CSE-07,TR-OPS-14,CRITICAL,c2,Periodic outbound telemetry to unverified DNS domain,Persistent TLS session established to unclassified external endpoint,2026-07-26T17:01:00+05:30,2026-07-26T17:04:00+05:30,,IN_PROGRESS,,
ALT-2312,CSE-03,PL-PLC-12,HIGH,exploit-attempt,Exploit payload targeting known CVE on exposed service,Malicious byte sequence designed to trigger stack corruption detected,2026-07-12T15:46:00+05:30,2026-07-12T16:05:00+05:30,,IN_PROGRESS,,
ALT-2313,CSE-03,EN-SCADA-02,CRITICAL,c2,Beaconing traffic to known suspicious external IP,Command-and-control beacon signature matched in egress traffic,2026-07-12T07:22:00+05:30,2026-07-12T07:44:00+05:30,,ACKNOWLEDGED,,
ALT-2314,CSE-05,EN-SCADA-01,HIGH,brute-force,Repeated authentication failures on SCADA gateway,TCP traffic on port 22 showed 40+ failed auth attempts within 60s,2026-08-02T19:55:00+05:30,2026-08-02T19:59:00+05:30,,ACKNOWLEDGED,,K. Rao
ALT-2315,CSE-02,PL-PLC-12,MEDIUM,xss,Suspicious script payload in web form submission,Reflected DOM manipulation attempt flagged in HTTP GET request,2026-07-08T06:20:00+05:30,2026-07-08T06:26:00+05:30,,IN_PROGRESS,,A. Sharma
ALT-2316,CSE-05,RTU-SUB-05,HIGH,sql-injection,Malformed query string on engineering portal,HTTP request to internal web portal contained SQL injection syntax,2026-07-08T19:28:00+05:30,2026-07-08T19:37:00+05:30,,IN_PROGRESS,,K. Rao
ALT-2317,CSE-03,EN-SCADA-01,HIGH,sql-injection,Malformed query string on engineering portal,Time-delay SQL injection signature matched in asset query request,2026-07-27T07:03:00+05:30,2026-07-27T07:08:00+05:30,2026-07-27T08:53:00+05:30,CLOSED,Source IP null-routed at edge firewall,P. Nair
ALT-2318,CSE-03,TR-OPS-03,HIGH,exploit-attempt,Remote code execution string identified in Modbus/TCP stream,Traffic contained a known exploit signature targeting unpatched software,2026-08-07T02:56:00+05:30,2026-08-07T03:07:00+05:30,2026-08-07T11:30:00+05:30,CLOSED,Confirmed reconnaissance - source blocked,R. Iyer
ALT-2319,CSE-04,GATEWAY-DMZ-01,CRITICAL,c2,Periodic outbound telemetry to unverified DNS domain,Persistent TLS session established to unclassified external endpoint,2026-07-28T07:44:00+05:30,,,OPEN,,
ALT-2320,CSE-03,TR-OPS-14,MEDIUM,port-scan,Distributed reconnaissance probing OT gateway,Stealth FIN scan detected targeting SCADA network perimeter,2026-08-03T18:37:00+05:30,2026-08-03T19:01:00+05:30,2026-08-04T00:54:00+05:30,CLOSED,Source IP null-routed at edge firewall,K. Rao
ALT-2321,CSE-05,HIST-SRV-01,HIGH,exploit-attempt,Buffer overflow probe targeting legacy PLC firmware,Traffic contained a known exploit signature targeting unpatched software,2026-07-13T08:13:00+05:30,2026-07-13T08:38:00+05:30,2026-07-13T12:38:00+05:30,CLOSED,Source IP null-routed at edge firewall,P. Nair
ALT-2322,CSE-02,,CRITICAL,credential-stuffing,Distributed account takeover attempts across operator accounts,WAF detected bot-driven authentication cycling from rotating source IPs,2026-07-12T11:06:00+05:30,2026-07-12T11:21:00+05:30,,IN_PROGRESS,,S. Verma
ALT-2323,CSE-07,RTU-SUB-05,CRITICAL,credential-stuffing,High-volume login attempts using leaked credentials,Automated login attempts observed across multiple accounts,2026-07-12T00:29:00+05:30,,,OPEN,,
ALT-2324,CSE-07,ENG-WRK-07,HIGH,sql-injection,Blind SQL injection heuristic triggered on API gateway,Time-delay SQL injection signature matched in asset query request,2026-08-02T16:45:00+05:30,2026-08-02T17:08:00+05:30,,IN_PROGRESS,,R. Iyer
ALT-2325,CSE-04,ENG-WRK-07,LOW,c2,Periodic outbound telemetry to unverified DNS domain,Persistent TLS session established to unclassified external endpoint,2026-07-22T08:31:00+05:30,2026-07-22T08:36:00+05:30,,IN_PROGRESS,,K. Rao
ALT-2326,CSE-05,PL-PLC-12,HIGH,sql-injection,Malformed query string on engineering portal,HTTP request to internal web portal contained SQL injection syntax,2026-07-24T01:40:00+05:30,2026-07-24T01:53:00+05:30,2026-07-24T04:22:00+05:30,CLOSED,False positive - verified scheduled maintenance,K. Rao
ALT-2327,CSE-02,,HIGH,brute-force,Multiple RDP failed logons on historian node,Burst of failed authentication handshakes targeting remote access console,2026-07-20T07:22:00+05:30,,,OPEN,,
ALT-2328,CSE-03,ENG-WRK-02,HIGH,credential-stuffing,High-volume login attempts using leaked credentials,WAF detected bot-driven authentication cycling from rotating source IPs,2026-08-07T01:14:00+05:30,2026-08-07T01:18:00+05:30,2026-08-07T04:24:00+05:30,RESOLVED,Compromised host isolated and imaged,
ALT-2329,CSE-01,EN-SCADA-04,MEDIUM,xss,Cross-site scripting vector identified in operator console,Unsanitized HTML payload containing JavaScript tags blocked at gateway,2026-07-15T07:10:00+05:30,2026-07-15T07:21:00+05:30,,IN_PROGRESS,,
ALT-2330,CSE-03,EN-SCADA-04,HIGH,brute-force,Multiple RDP failed logons on historian node,TCP traffic on port 22 showed 40+ failed auth attempts within 60s,2026-07-11T20:21:00+05:30,2026-07-11T20:37:00+05:30,,IN_PROGRESS,,
ALT-2331,CSE-04,,HIGH,exploit-attempt,Exploit payload targeting known CVE on exposed service,Packet structure matched signature for CVE-2023 remote execution attempt,2026-07-13T07:34:00+05:30,2026-07-13T07:49:00+05:30,,IN_PROGRESS,,R. Iyer
ALT-2332,CSE-03,,CRITICAL,ddos,SYN flood exhausting SCADA telecontrol interface,High-bandwidth NTP/DNS reflection flood impacting telemetry transmission,2026-07-10T15:05:00+05:30,,,OPEN,,A. Sharma
ALT-2333,CSE-02,RTU-SUB-05,CRITICAL,ddos,Volumetric traffic spike against signalling gateway,High packet-per-second SYN burst causing connection pool exhaustion,2026-07-27T17:38:00+05:30,2026-07-27T17:44:00+05:30,,ACKNOWLEDGED,,P. Nair
ALT-2334,CSE-05,RTU-SUB-01,HIGH,credential-stuffing,Automated credential replay attacking telemetry API,Automated login attempts observed across multiple accounts,2026-07-27T23:43:00+05:30,,,OPEN,,
ALT-2335,CSE-01,ENG-WRK-02,CRITICAL,c2,Encrypted reverse shell communication from maintenance workstation,Persistent TLS session established to unclassified external endpoint,2026-07-27T03:28:00+05:30,2026-07-27T03:33:00+05:30,,IN_PROGRESS,,P. Nair
ALT-2336,CSE-01,ENG-WRK-02,CRITICAL,sql-injection,Blind SQL injection heuristic triggered on API gateway,Union-based SELECT payload identified in user parameter field,2026-07-12T03:30:00+05:30,2026-07-12T03:35:00+05:30,2026-07-12T08:24:00+05:30,RESOLVED,Firewall rule applied - traffic suppressed,K. Rao
ALT-2337,CSE-04,EN-SCADA-04,HIGH,c2,Beaconing traffic to known suspicious external IP,Command-and-control beacon signature matched in egress traffic,2026-07-15T18:53:00+05:30,,,OPEN,,
ALT-2338,CSE-01,PL-PLC-12,HIGH,credential-stuffing,Automated credential replay attacking telemetry API,Automated login attempts observed across multiple accounts,2026-07-18T21:19:00+05:30,,,OPEN,,A. Sharma
ALT-2339,CSE-02,TR-OPS-14,MEDIUM,port-scan,Distributed reconnaissance probing OT gateway,Half-open SYN packets rapidly received across 1-1024 port range,2026-07-29T06:00:00+05:30,2026-07-29T06:20:00+05:30,2026-07-29T14:24:00+05:30,CLOSED,False positive - verified scheduled maintenance,
ALT-2340,CSE-03,TR-OPS-14,HIGH,exploit-attempt,Buffer overflow probe targeting legacy PLC firmware,Packet structure matched signature for CVE-2023 remote execution attempt,2026-07-21T22:00:00+05:30,2026-07-21T22:20:00+05:30,,IN_PROGRESS,,R. Iyer
ALT-2341,CSE-03,EN-SCADA-04,CRITICAL,ddos,Volumetric traffic spike against signalling gateway,Inbound byte volume exceeded baseline by over 500%,2026-07-24T22:00:00+05:30,2026-07-24T22:04:00+05:30,,IN_PROGRESS,,
ALT-2342,CSE-01,GATEWAY-DMZ-01,HIGH,exploit-attempt,Remote code execution string identified in Modbus/TCP stream,Traffic contained a known exploit signature targeting unpatched software,2026-07-28T14:28:00+05:30,2026-07-28T14:50:00+05:30,2026-07-28T18:25:00+05:30,CLOSED,False positive - verified scheduled maintenance,K. Rao
ALT-2343,CSE-04,TR-OPS-14,HIGH,brute-force,SSH credential brute force against engineering server,Burst of failed authentication handshakes targeting remote access console,2026-07-11T23:21:00+05:30,2026-07-11T23:43:00+05:30,2026-07-12T03:02:00+05:30,CLOSED,Confirmed reconnaissance - source blocked,A. Sharma
ALT-2344,CSE-07,,HIGH,exploit-attempt,Remote code execution string identified in Modbus/TCP stream,Traffic contained a known exploit signature targeting unpatched software,2026-07-24T16:43:00+05:30,2026-07-24T16:54:00+05:30,,IN_PROGRESS,,P. Nair
ALT-2345,CSE-04,ENG-WRK-02,HIGH,brute-force,Multiple RDP failed logons on historian node,High rate of NTLM login failures originating from untrusted subnet,2026-07-11T03:14:00+05:30,2026-07-11T03:19:00+05:30,,IN_PROGRESS,,K. Rao
ALT-2346,CSE-07,GATEWAY-DMZ-01,CRITICAL,ddos,UDP amplification traffic targeted at field network switch,High-bandwidth NTP/DNS reflection flood impacting telemetry transmission,2026-07-14T23:29:00+05:30,2026-07-14T23:33:00+05:30,,IN_PROGRESS,,K. Rao
ALT-2347,CSE-07,TR-OPS-14,HIGH,credential-stuffing,Automated credential replay attacking telemetry API,WAF detected bot-driven authentication cycling from rotating source IPs,2026-07-25T23:22:00+05:30,2026-07-25T23:43:00+05:30,,ACKNOWLEDGED,,
ALT-2348,CSE-01,HIST-SRV-01,CRITICAL,c2,Periodic outbound telemetry to unverified DNS domain,Periodic low-volume outbound connections at fixed intervals,2026-08-01T02:12:00+05:30,,,OPEN,,
ALT-2349,CSE-04,ENG-WRK-07,HIGH,brute-force,Repeated authentication failures on SCADA gateway,TCP traffic on port 22 showed 40+ failed auth attempts within 60s,2026-07-23T16:30:00+05:30,2026-07-23T16:38:00+05:30,2026-07-23T21:06:00+05:30,RESOLVED,Accounts locked - no compromise confirmed,A. Sharma
ALT-2350,CSE-01,HIST-SRV-01,MEDIUM,port-scan,Distributed reconnaissance probing OT gateway,Stealth FIN scan detected targeting SCADA network perimeter,2026-08-01T02:21:00+05:30,,,OPEN,,
ALT-2351,CSE-05,TR-OPS-14,CRITICAL,c2,Beaconing traffic to known suspicious external IP,Persistent TLS session established to unclassified external endpoint,2026-08-05T13:37:00+05:30,2026-08-05T14:02:00+05:30,,ACKNOWLEDGED,,P. Nair
ALT-2352,CSE-01,,HIGH,credential-stuffing,High-volume login attempts using leaked credentials,Coordinated brute-force replay utilizing breached username/password pairs,2026-08-04T22:10:00+05:30,2026-08-04T22:35:00+05:30,,IN_PROGRESS,,P. Nair
ALT-2353,CSE-02,RTU-SUB-01,CRITICAL,ddos,Volumetric traffic spike against signalling gateway,High packet-per-second SYN burst causing connection pool exhaustion,2026-08-03T02:18:00+05:30,2026-08-03T02:34:00+05:30,2026-08-03T07:51:00+05:30,RESOLVED,Firewall rule applied - traffic suppressed,K. Rao
ALT-2354,CSE-05,,MEDIUM,sql-injection,SQL syntax anomaly in historian web reporting interface,HTTP request to internal web portal contained SQL injection syntax,2026-08-06T07:35:00+05:30,2026-08-06T07:48:00+05:30,2026-08-06T10:05:00+05:30,RESOLVED,Compromised host isolated and imaged,K. Rao
ALT-2355,CSE-01,HIST-SRV-01,MEDIUM,port-scan,SYN sweep detected across substation network segment,Half-open SYN packets rapidly received across 1-1024 port range,2026-07-31T11:58:00+05:30,2026-07-31T12:13:00+05:30,,ACKNOWLEDGED,,R. Iyer
ALT-2356,CSE-02,,CRITICAL,credential-stuffing,High-volume login attempts using leaked credentials,Coordinated brute-force replay utilizing breached username/password pairs,2026-07-30T23:34:00+05:30,2026-07-30T23:43:00+05:30,,IN_PROGRESS,,P. Nair
ALT-2357,CSE-01,ENG-WRK-07,MEDIUM,xss,Suspicious script payload in web form submission,Reflected DOM manipulation attempt flagged in HTTP GET request,2026-08-06T17:10:00+05:30,2026-08-06T17:16:00+05:30,,IN_PROGRESS,,A. Sharma
ALT-2358,CSE-01,HIST-SRV-01,HIGH,exploit-attempt,Exploit payload targeting known CVE on exposed service,Packet structure matched signature for CVE-2023 remote execution attempt,2026-07-29T11:38:00+05:30,2026-07-29T11:59:00+05:30,2026-07-29T12:28:00+05:30,RESOLVED,Accounts locked - no compromise confirmed,R. Iyer
ALT-2359,CSE-03,PL-PLC-12,HIGH,sql-injection,Blind SQL injection heuristic triggered on API gateway,Time-delay SQL injection signature matched in asset query request,2026-08-01T03:43:00+05:30,2026-08-01T03:48:00+05:30,2026-08-01T09:23:00+05:30,RESOLVED,Accounts locked - no compromise confirmed,S. Verma
ALT-2360,CSE-01,EN-SCADA-02,MEDIUM,xss,Stored XSS pattern detected in system event log comments,Unsanitized HTML payload containing JavaScript tags blocked at gateway,2026-07-10T23:51:00+05:30,,,OPEN,,
ALT-2361,CSE-04,EN-SCADA-01,MEDIUM,xss,Cross-site scripting vector identified in operator console,Unsanitized HTML payload containing JavaScript tags blocked at gateway,2026-07-08T04:57:00+05:30,2026-07-08T05:10:00+05:30,2026-07-08T09:48:00+05:30,CLOSED,Source IP null-routed at edge firewall,A. Sharma
ALT-2362,CSE-07,EN-SCADA-04,HIGH,credential-stuffing,Automated credential replay attacking telemetry API,WAF detected bot-driven authentication cycling from rotating source IPs,2026-07-31T05:23:00+05:30,2026-07-31T05:42:00+05:30,2026-07-31T06:28:00+05:30,CLOSED,Source IP null-routed at edge firewall,P. Nair
ALT-2363,CSE-01,GATEWAY-DMZ-01,HIGH,credential-stuffing,High-volume login attempts using leaked credentials,Coordinated brute-force replay utilizing breached username/password pairs,2026-07-11T05:02:00+05:30,2026-07-11T05:11:00+05:30,,IN_PROGRESS,,
ALT-2364,CSE-07,TR-OPS-03,HIGH,credential-stuffing,Distributed account takeover attempts across operator accounts,WAF detected bot-driven authentication cycling from rotating source IPs,2026-07-23T13:02:00+05:30,2026-07-23T13:25:00+05:30,,ACKNOWLEDGED,,P. Nair
ALT-2365,CSE-07,,LOW,sql-injection,Blind SQL injection heuristic triggered on API gateway,Union-based SELECT payload identified in user parameter field,2026-07-09T19:38:00+05:30,2026-07-09T19:46:00+05:30,,IN_PROGRESS,,R. Iyer
ALT-2366,CSE-02,EN-SCADA-02,CRITICAL,credential-stuffing,Automated credential replay attacking telemetry API,Coordinated brute-force replay utilizing breached username/password pairs,2026-07-19T15:56:00+05:30,,,OPEN,,
ALT-2367,CSE-02,HIST-SRV-01,LOW,credential-stuffing,Automated credential replay attacking telemetry API,Coordinated brute-force replay utilizing breached username/password pairs,2026-07-20T13:40:00+05:30,,,OPEN,,
ALT-2368,CSE-04,GATEWAY-DMZ-01,CRITICAL,exploit-attempt,Buffer overflow probe targeting legacy PLC firmware,Traffic contained a known exploit signature targeting unpatched software,2026-07-30T17:14:00+05:30,2026-07-30T17:27:00+05:30,2026-07-31T02:50:00+05:30,RESOLVED,Firewall rule applied - traffic suppressed,R. Iyer
ALT-2369,CSE-07,,MEDIUM,port-scan,Sequential port scan against historian server,Stealth FIN scan detected targeting SCADA network perimeter,2026-07-21T12:07:00+05:30,2026-07-21T12:12:00+05:30,,IN_PROGRESS,,R. Iyer
ALT-2370,CSE-03,HIST-SRV-01,CRITICAL,ddos,UDP amplification traffic targeted at field network switch,High packet-per-second SYN burst causing connection pool exhaustion,2026-07-15T17:16:00+05:30,2026-07-15T17:29:00+05:30,2026-07-16T01:38:00+05:30,RESOLVED,Accounts locked - no compromise confirmed,
ALT-2371,CSE-03,,CRITICAL,ddos,Volumetric traffic spike against signalling gateway,Inbound byte volume exceeded baseline by over 500%,2026-08-06T03:35:00+05:30,2026-08-06T03:48:00+05:30,2026-08-06T13:05:00+05:30,RESOLVED,Compromised host isolated and imaged,
ALT-2372,CSE-02,EN-SCADA-01,CRITICAL,sql-injection,Malformed query string on engineering portal,HTTP request to internal web portal contained SQL injection syntax,2026-07-11T04:41:00+05:30,2026-07-11T05:03:00+05:30,,ACKNOWLEDGED,,S. Verma
ALT-2373,CSE-03,GATEWAY-DMZ-01,HIGH,brute-force,Multiple RDP failed logons on historian node,High rate of NTLM login failures originating from untrusted subnet,2026-07-25T00:26:00+05:30,2026-07-25T00:42:00+05:30,,IN_PROGRESS,,R. Iyer
ALT-2374,CSE-05,TR-OPS-14,HIGH,credential-stuffing,Automated credential replay attacking telemetry API,Coordinated brute-force replay utilizing breached username/password pairs,2026-07-19T11:53:00+05:30,,,OPEN,,A. Sharma
ALT-2375,CSE-04,GATEWAY-DMZ-01,MEDIUM,port-scan,SYN sweep detected across substation network segment,Stealth FIN scan detected targeting SCADA network perimeter,2026-07-28T10:41:00+05:30,2026-07-28T11:02:00+05:30,,ACKNOWLEDGED,,S. Verma
ALT-2376,CSE-07,,MEDIUM,xss,Suspicious script payload in web form submission,Unsanitized HTML payload containing JavaScript tags blocked at gateway,2026-07-15T23:50:00+05:30,2026-07-15T23:54:00+05:30,2026-07-16T06:02:00+05:30,RESOLVED,Compromised host isolated and imaged,S. Verma
ALT-2377,CSE-07,EN-SCADA-04,MEDIUM,ddos,UDP amplification traffic targeted at field network switch,High-bandwidth NTP/DNS reflection flood impacting telemetry transmission,2026-08-06T03:47:00+05:30,2026-08-06T04:00:00+05:30,,ACKNOWLEDGED,,K. Rao
ALT-2378,CSE-02,TR-OPS-03,MEDIUM,xss,Suspicious script payload in web form submission,Unsanitized HTML payload containing JavaScript tags blocked at gateway,2026-07-09T07:57:00+05:30,2026-07-09T08:16:00+05:30,,IN_PROGRESS,,K. Rao
ALT-2379,CSE-03,,HIGH,sql-injection,Malformed query string on engineering portal,HTTP request to internal web portal contained SQL injection syntax,2026-07-22T05:04:00+05:30,2026-07-22T05:28:00+05:30,2026-07-22T13:59:00+05:30,RESOLVED,Compromised host isolated and imaged,P. Nair
ALT-2380,CSE-04,EN-SCADA-04,LOW,sql-injection,SQL syntax anomaly in historian web reporting interface,Union-based SELECT payload identified in user parameter field,2026-07-31T16:20:00+05:30,2026-07-31T16:26:00+05:30,,IN_PROGRESS,,K. Rao
ALT-2381,CSE-07,PL-PLC-09,HIGH,sql-injection,Malformed query string on engineering portal,HTTP request to internal web portal contained SQL injection syntax,2026-07-31T17:09:00+05:30,2026-07-31T17:20:00+05:30,,ACKNOWLEDGED,,A. Sharma
ALT-2382,CSE-02,ENG-WRK-02,MEDIUM,xss,Stored XSS pattern detected in system event log comments,Unsanitized HTML payload containing JavaScript tags blocked at gateway,2026-07-11T17:23:00+05:30,2026-07-11T17:31:00+05:30,,IN_PROGRESS,,
ALT-2383,CSE-05,RTU-SUB-05,HIGH,sql-injection,Blind SQL injection heuristic triggered on API gateway,Time-delay SQL injection signature matched in asset query request,2026-07-12T09:17:00+05:30,2026-07-12T09:39:00+05:30,2026-07-12T12:54:00+05:30,CLOSED,Patched and verified,A. Sharma
ALT-2384,CSE-07,ENG-WRK-02,LOW,brute-force,Repeated authentication failures on SCADA gateway,TCP traffic on port 22 showed 40+ failed auth attempts within 60s,2026-08-06T07:53:00+05:30,2026-08-06T08:03:00+05:30,2026-08-06T12:13:00+05:30,CLOSED,Source IP null-routed at edge firewall,K. Rao
ALT-2385,CSE-07,EN-SCADA-01,HIGH,exploit-attempt,Remote code execution string identified in Modbus/TCP stream,Malicious byte sequence designed to trigger stack corruption detected,2026-07-30T02:45:00+05:30,2026-07-30T03:08:00+05:30,,ACKNOWLEDGED,,P. Nair
ALT-2386,CSE-03,,MEDIUM,port-scan,Sequential port scan against historian server,Half-open SYN packets rapidly received across 1-1024 port range,2026-07-27T01:13:00+05:30,2026-07-27T01:29:00+05:30,2026-07-27T05:26:00+05:30,RESOLVED,Firewall rule applied - traffic suppressed,K. Rao
ALT-2387,CSE-02,ENG-WRK-02,HIGH,credential-stuffing,Distributed account takeover attempts across operator accounts,Coordinated brute-force replay utilizing breached username/password pairs,2026-07-14T02:04:00+05:30,2026-07-14T02:22:00+05:30,,IN_PROGRESS,,K. Rao
ALT-2388,CSE-01,ENG-WRK-02,MEDIUM,xss,Cross-site scripting vector identified in operator console,Unsanitized HTML payload containing JavaScript tags blocked at gateway,2026-07-19T10:02:00+05:30,2026-07-19T10:07:00+05:30,,ACKNOWLEDGED,,R. Iyer
ALT-2389,CSE-03,GATEWAY-DMZ-01,CRITICAL,c2,Beaconing traffic to known suspicious external IP,Command-and-control beacon signature matched in egress traffic,2026-08-03T10:14:00+05:30,2026-08-03T10:22:00+05:30,,IN_PROGRESS,,A. Sharma
ALT-2390,CSE-04,,CRITICAL,exploit-attempt,Exploit payload targeting known CVE on exposed service,Traffic contained a known exploit signature targeting unpatched software,2026-07-26T00:46:00+05:30,2026-07-26T01:02:00+05:30,2026-07-26T05:37:00+05:30,CLOSED,Patched and verified,K. Rao
ALT-2391,CSE-03,EN-SCADA-02,HIGH,brute-force,Multiple RDP failed logons on historian node,Burst of failed authentication handshakes targeting remote access console,2026-07-29T13:15:00+05:30,2026-07-29T13:34:00+05:30,,IN_PROGRESS,,R. Iyer
ALT-2392,CSE-01,,HIGH,sql-injection,SQL syntax anomaly in historian web reporting interface,Union-based SELECT payload identified in user parameter field,2026-07-10T04:40:00+05:30,2026-07-10T04:43:00+05:30,2026-07-10T08:44:00+05:30,RESOLVED,Firewall rule applied - traffic suppressed,K. Rao
ALT-2393,CSE-03,EN-SCADA-04,CRITICAL,c2,Encrypted reverse shell communication from maintenance workstation,Command-and-control beacon signature matched in egress traffic,2026-08-05T11:59:00+05:30,2026-08-05T12:04:00+05:30,2026-08-05T14:55:00+05:30,CLOSED,Confirmed reconnaissance - source blocked,P. Nair
ALT-2394,CSE-03,ENG-WRK-02,HIGH,credential-stuffing,High-volume login attempts using leaked credentials,WAF detected bot-driven authentication cycling from rotating source IPs,2026-07-31T07:20:00+05:30,2026-07-31T07:38:00+05:30,2026-07-31T08:46:00+05:30,RESOLVED,Accounts locked - no compromise confirmed,R. Iyer
ALT-2395,CSE-02,ENG-WRK-02,HIGH,exploit-attempt,Exploit payload targeting known CVE on exposed service,Packet structure matched signature for CVE-2023 remote execution attempt,2026-07-31T14:19:00+05:30,2026-07-31T14:31:00+05:30,,ACKNOWLEDGED,,K. Rao
ALT-2396,CSE-03,PL-PLC-09,HIGH,c2,Encrypted reverse shell communication from maintenance workstation,Command-and-control beacon signature matched in egress traffic,2026-07-31T05:22:00+05:30,2026-07-31T05:41:00+05:30,2026-07-31T14:28:00+05:30,CLOSED,False positive - verified scheduled maintenance,P. Nair
ALT-2397,CSE-01,ENG-WRK-07,HIGH,credential-stuffing,Distributed account takeover attempts across operator accounts,WAF detected bot-driven authentication cycling from rotating source IPs,2026-07-22T03:18:00+05:30,,,OPEN,,
ALT-2398,CSE-03,RTU-SUB-01,HIGH,brute-force,Repeated authentication failures on SCADA gateway,Burst of failed authentication handshakes targeting remote access console,2026-08-05T18:18:00+05:30,2026-08-05T18:32:00+05:30,2026-08-05T21:34:00+05:30,CLOSED,Patched and verified,R. Iyer
ALT-2399,CSE-05,TR-OPS-03,MEDIUM,xss,Cross-site scripting vector identified in operator console,Unsanitized HTML payload containing JavaScript tags blocked at gateway,2026-07-15T00:39:00+05:30,2026-07-15T01:03:00+05:30,2026-07-15T04:52:00+05:30,RESOLVED,Firewall rule applied - traffic suppressed,K. Rao
ALT-2400,CSE-05,,HIGH,brute-force,Multiple RDP failed logons on historian node,TCP traffic on port 22 showed 40+ failed auth attempts within 60s,2026-08-02T15:53:00+05:30,2026-08-02T16:16:00+05:30,,IN_PROGRESS,,P. Nair
ALT-2401,CSE-05,GATEWAY-DMZ-01,CRITICAL,credential-stuffing,Automated credential replay attacking telemetry API,Coordinated brute-force replay utilizing breached username/password pairs,2026-08-01T23:55:00+05:30,2026-08-02T00:18:00+05:30,,IN_PROGRESS,,
ALT-2402,CSE-07,RTU-SUB-05,HIGH,exploit-attempt,Exploit payload targeting known CVE on exposed service,Malicious byte sequence designed to trigger stack corruption detected,2026-08-02T12:49:00+05:30,2026-08-02T12:58:00+05:30,,IN_PROGRESS,,S. Verma
ALT-2403,CSE-03,PL-PLC-12,HIGH,exploit-attempt,Buffer overflow probe targeting legacy PLC firmware,Packet structure matched signature for CVE-2023 remote execution attempt,2026-07-20T13:56:00+05:30,2026-07-20T14:01:00+05:30,,IN_PROGRESS,,K. Rao
ALT-2404,CSE-07,GATEWAY-DMZ-01,MEDIUM,c2,Periodic outbound telemetry to unverified DNS domain,Periodic low-volume outbound connections at fixed intervals,2026-07-21T05:25:00+05:30,,,OPEN,,
ALT-2405,CSE-04,RTU-SUB-05,HIGH,exploit-attempt,Remote code execution string identified in Modbus/TCP stream,Malicious byte sequence designed to trigger stack corruption detected,2026-08-02T17:07:00+05:30,2026-08-02T17:13:00+05:30,,IN_PROGRESS,,R. Iyer
ALT-2406,CSE-05,RTU-SUB-01,MEDIUM,xss,Stored XSS pattern detected in system event log comments,Web application firewall flagged embedded script tags in input fields,2026-08-06T04:03:00+05:30,2026-08-06T04:06:00+05:30,,ACKNOWLEDGED,,R. Iyer
ALT-2407,CSE-04,ENG-WRK-02,HIGH,exploit-attempt,Exploit payload targeting known CVE on exposed service,Traffic contained a known exploit signature targeting unpatched software,2026-08-02T04:22:00+05:30,2026-08-02T04:37:00+05:30,,ACKNOWLEDGED,,
ALT-2408,CSE-04,,MEDIUM,xss,Cross-site scripting vector identified in operator console,Unsanitized HTML payload containing JavaScript tags blocked at gateway,2026-07-21T02:59:00+05:30,,,OPEN,,
ALT-2409,CSE-01,RTU-SUB-01,MEDIUM,brute-force,SSH credential brute force against engineering server,TCP traffic on port 22 showed 40+ failed auth attempts within 60s,2026-07-09T18:56:00+05:30,2026-07-09T19:13:00+05:30,2026-07-09T22:51:00+05:30,RESOLVED,Compromised host isolated and imaged,S. Verma
ALT-2410,CSE-01,EN-SCADA-01,CRITICAL,ddos,Volumetric traffic spike against signalling gateway,High packet-per-second SYN burst causing connection pool exhaustion,2026-07-21T02:04:00+05:30,2026-07-21T02:26:00+05:30,2026-07-21T11:45:00+05:30,RESOLVED,Firewall rule applied - traffic suppressed,A. Sharma
ALT-2411,CSE-05,,CRITICAL,ddos,Volumetric traffic spike against signalling gateway,High packet-per-second SYN burst causing connection pool exhaustion,2026-07-15T12:44:00+05:30,2026-07-15T13:06:00+05:30,2026-07-15T17:52:00+05:30,RESOLVED,Compromised host isolated and imaged,A. Sharma
ALT-2412,CSE-01,ENG-WRK-02,CRITICAL,ddos,Volumetric traffic spike against signalling gateway,Inbound byte volume exceeded baseline by over 500%,2026-08-04T22:34:00+05:30,2026-08-04T22:49:00+05:30,2026-08-05T08:06:00+05:30,RESOLVED,Firewall rule applied - traffic suppressed,R. Iyer
ALT-2413,CSE-04,TR-OPS-03,CRITICAL,sql-injection,SQL syntax anomaly in historian web reporting interface,HTTP request to internal web portal contained SQL injection syntax,2026-07-08T10:42:00+05:30,2026-07-08T10:56:00+05:30,,IN_PROGRESS,,A. Sharma
ALT-2414,CSE-04,RTU-SUB-05,HIGH,credential-stuffing,Automated credential replay attacking telemetry API,WAF detected bot-driven authentication cycling from rotating source IPs,2026-07-08T15:44:00+05:30,2026-07-08T16:06:00+05:30,,IN_PROGRESS,,S. Verma
ALT-2415,CSE-07,RTU-SUB-01,HIGH,brute-force,SSH credential brute force against engineering server,High rate of NTLM login failures originating from untrusted subnet,2026-07-15T09:42:00+05:30,2026-07-15T10:05:00+05:30,2026-07-15T19:01:00+05:30,RESOLVED,Compromised host isolated and imaged,S. Verma
ALT-2416,CSE-07,TR-OPS-03,CRITICAL,ddos,Volumetric traffic spike against signalling gateway,Inbound byte volume exceeded baseline by over 500%,2026-07-14T05:08:00+05:30,2026-07-14T05:14:00+05:30,2026-07-14T13:38:00+05:30,RESOLVED,Compromised host isolated and imaged,K. Rao
ALT-2417,CSE-03,,HIGH,exploit-attempt,Remote code execution string identified in Modbus/TCP stream,Traffic contained a known exploit signature targeting unpatched software,2026-07-19T09:32:00+05:30,2026-07-19T09:36:00+05:30,2026-07-19T19:15:00+05:30,CLOSED,Source IP null-routed at edge firewall,K. Rao
ALT-2418,CSE-07,ENG-WRK-07,LOW,port-scan,Sequential port scan against historian server,Stealth FIN scan detected targeting SCADA network perimeter,2026-07-31T03:22:00+05:30,2026-07-31T03:42:00+05:30,,ACKNOWLEDGED,,K. Rao
ALT-2419,CSE-02,PL-PLC-09,CRITICAL,credential-stuffing,High-volume login attempts using leaked credentials,WAF detected bot-driven authentication cycling from rotating source IPs,2026-07-17T11:36:00+05:30,2026-07-17T11:53:00+05:30,2026-07-17T13:54:00+05:30,CLOSED,Source IP null-routed at edge firewall,R. Iyer
ALT-2420,CSE-04,TR-OPS-14,CRITICAL,c2,Beaconing traffic to known suspicious external IP,Persistent TLS session established to unclassified external endpoint,2026-07-29T04:17:00+05:30,2026-07-29T04:42:00+05:30,,IN_PROGRESS,,R. Iyer
ALT-2421,CSE-04,RTU-SUB-05,HIGH,brute-force,Multiple RDP failed logons on historian node,TCP traffic on port 22 showed 40+ failed auth attempts within 60s,2026-07-10T04:43:00+05:30,2026-07-10T04:56:00+05:30,2026-07-10T06:33:00+05:30,RESOLVED,Compromised host isolated and imaged,R. Iyer
ALT-2422,CSE-01,,HIGH,brute-force,Repeated authentication failures on SCADA gateway,TCP traffic on port 22 showed 40+ failed auth attempts within 60s,2026-08-06T07:57:00+05:30,2026-08-06T08:10:00+05:30,2026-08-06T15:13:00+05:30,RESOLVED,Firewall rule applied - traffic suppressed,P. Nair
ALT-2423,CSE-04,EN-SCADA-04,HIGH,sql-injection,SQL syntax anomaly in historian web reporting interface,HTTP request to internal web portal contained SQL injection syntax,2026-07-16T06:11:00+05:30,2026-07-16T06:25:00+05:30,2026-07-16T15:57:00+05:30,CLOSED,Patched and verified,
ALT-2424,CSE-02,EN-SCADA-01,CRITICAL,brute-force,Multiple RDP failed logons on historian node,Burst of failed authentication handshakes targeting remote access console,2026-08-01T21:55:00+05:30,2026-08-01T22:14:00+05:30,2026-08-02T05:08:00+05:30,RESOLVED,Accounts locked - no compromise confirmed,A. Sharma
ALT-2425,CSE-04,ENG-WRK-07,HIGH,sql-injection,Blind SQL injection heuristic triggered on API gateway,HTTP request to internal web portal contained SQL injection syntax,2026-07-09T14:26:00+05:30,2026-07-09T14:47:00+05:30,2026-07-09T15:27:00+05:30,RESOLVED,Accounts locked - no compromise confirmed,A. Sharma
ALT-2426,CSE-01,TR-OPS-03,HIGH,brute-force,Multiple RDP failed logons on historian node,Burst of failed authentication handshakes targeting remote access console,2026-07-10T08:25:00+05:30,2026-07-10T08:50:00+05:30,,ACKNOWLEDGED,,R. Iyer
ALT-2427,CSE-04,,MEDIUM,xss,Suspicious script payload in web form submission,Web application firewall flagged embedded script tags in input fields,2026-07-31T01:38:00+05:30,2026-07-31T01:47:00+05:30,,IN_PROGRESS,,
ALT-2428,CSE-05,ENG-WRK-02,HIGH,credential-stuffing,High-volume login attempts using leaked credentials,WAF detected bot-driven authentication cycling from rotating source IPs,2026-07-31T20:35:00+05:30,2026-07-31T20:50:00+05:30,,ACKNOWLEDGED,,S. Verma
ALT-2429,CSE-03,EN-SCADA-02,HIGH,sql-injection,SQL syntax anomaly in historian web reporting interface,Time-delay SQL injection signature matched in asset query request,2026-07-30T16:36:00+05:30,,,OPEN,,
ALT-2430,CSE-07,GATEWAY-DMZ-01,HIGH,credential-stuffing,Distributed account takeover attempts across operator accounts,Automated login attempts observed across multiple accounts,2026-07-21T18:48:00+05:30,2026-07-21T18:55:00+05:30,2026-07-22T04:43:00+05:30,RESOLVED,Firewall rule applied - traffic suppressed,A. Sharma
ALT-2431,CSE-02,HIST-SRV-01,LOW,sql-injection,Blind SQL injection heuristic triggered on API gateway,Union-based SELECT payload identified in user parameter field,2026-07-27T02:11:00+05:30,2026-07-27T02:29:00+05:30,2026-07-27T05:13:00+05:30,CLOSED,Source IP null-routed at edge firewall,A. Sharma
ALT-2432,CSE-03,PL-PLC-12,HIGH,credential-stuffing,Distributed account takeover attempts across operator accounts,Coordinated brute-force replay utilizing breached username/password pairs,2026-07-12T08:14:00+05:30,2026-07-12T08:39:00+05:30,2026-07-12T12:14:00+05:30,CLOSED,Confirmed reconnaissance - source blocked,S. Verma
ALT-2433,CSE-04,EN-SCADA-02,MEDIUM,port-scan,Distributed reconnaissance probing OT gateway,Stealth FIN scan detected targeting SCADA network perimeter,2026-08-02T13:39:00+05:30,2026-08-02T13:56:00+05:30,,ACKNOWLEDGED,,A. Sharma
ALT-2434,CSE-03,HIST-SRV-01,HIGH,brute-force,Repeated authentication failures on SCADA gateway,Burst of failed authentication handshakes targeting remote access console,2026-07-13T11:23:00+05:30,2026-07-13T11:32:00+05:30,2026-07-13T15:37:00+05:30,RESOLVED,Firewall rule applied - traffic suppressed,A. Sharma
ALT-2435,CSE-05,ENG-WRK-02,CRITICAL,ddos,UDP amplification traffic targeted at field network switch,High-bandwidth NTP/DNS reflection flood impacting telemetry transmission,2026-07-24T11:39:00+05:30,2026-07-24T11:49:00+05:30,,IN_PROGRESS,,S. Verma
ALT-2436,CSE-05,,HIGH,exploit-attempt,Remote code execution string identified in Modbus/TCP stream,Malicious byte sequence designed to trigger stack corruption detected,2026-07-22T17:01:00+05:30,2026-07-22T17:14:00+05:30,,ACKNOWLEDGED,,S. Verma
ALT-2437,CSE-04,EN-SCADA-02,MEDIUM,xss,Suspicious script payload in web form submission,Unsanitized HTML payload containing JavaScript tags blocked at gateway,2026-08-02T07:36:00+05:30,2026-08-02T07:56:00+05:30,2026-08-02T15:28:00+05:30,CLOSED,False positive - verified scheduled maintenance,A. Sharma
ALT-2438,CSE-02,ENG-WRK-02,MEDIUM,xss,Suspicious script payload in web form submission,Unsanitized HTML payload containing JavaScript tags blocked at gateway,2026-08-02T04:41:00+05:30,2026-08-02T04:51:00+05:30,,IN_PROGRESS,,P. Nair
ALT-2439,CSE-07,,HIGH,exploit-attempt,Buffer overflow probe targeting legacy PLC firmware,Traffic contained a known exploit signature targeting unpatched software,2026-07-14T12:07:00+05:30,2026-07-14T12:24:00+05:30,2026-07-14T16:00:00+05:30,CLOSED,Confirmed reconnaissance - source blocked,K. Rao
ALT-2440,CSE-01,EN-SCADA-04,HIGH,brute-force,SSH credential brute force against engineering server,TCP traffic on port 22 showed 40+ failed auth attempts within 60s,2026-08-05T20:08:00+05:30,2026-08-05T20:12:00+05:30,,ACKNOWLEDGED,,
ALT-2441,CSE-02,EN-SCADA-01,MEDIUM,xss,Cross-site scripting vector identified in operator console,Web application firewall flagged embedded script tags in input fields,2026-08-05T06:05:00+05:30,2026-08-05T06:22:00+05:30,2026-08-05T15:09:00+05:30,CLOSED,Confirmed reconnaissance - source blocked,R. Iyer
ALT-2442,CSE-05,,HIGH,brute-force,Multiple RDP failed logons on historian node,High rate of NTLM login failures originating from untrusted subnet,2026-08-01T12:25:00+05:30,2026-08-01T12:27:00+05:30,,IN_PROGRESS,,K. Rao
ALT-2443,CSE-07,,HIGH,sql-injection,Malformed query string on engineering portal,Time-delay SQL injection signature matched in asset query request,2026-07-14T21:53:00+05:30,2026-07-14T22:01:00+05:30,,ACKNOWLEDGED,,K. Rao
ALT-2444,CSE-05,RTU-SUB-05,HIGH,credential-stuffing,Distributed account takeover attempts across operator accounts,Automated login attempts observed across multiple accounts,2026-07-25T02:43:00+05:30,2026-07-25T02:59:00+05:30,2026-07-25T07:37:00+05:30,RESOLVED,Compromised host isolated and imaged,A. Sharma
ALT-2445,CSE-03,EN-SCADA-04,HIGH,brute-force,SSH credential brute force against engineering server,High rate of NTLM login failures originating from untrusted subnet,2026-08-02T06:56:00+05:30,2026-08-02T06:59:00+05:30,2026-08-02T07:50:00+05:30,RESOLVED,Compromised host isolated and imaged,A. Sharma
ALT-2446,CSE-01,,CRITICAL,c2,Periodic outbound telemetry to unverified DNS domain,Persistent TLS session established to unclassified external endpoint,2026-07-12T11:24:00+05:30,2026-07-12T11:27:00+05:30,2026-07-12T16:04:00+05:30,CLOSED,Patched and verified,
ALT-2447,CSE-05,,CRITICAL,ddos,Volumetric traffic spike against signalling gateway,High-bandwidth NTP/DNS reflection flood impacting telemetry transmission,2026-07-20T21:29:00+05:30,2026-07-20T21:49:00+05:30,2026-07-20T22:47:00+05:30,CLOSED,Patched and verified,S. Verma
ALT-2448,CSE-01,PL-PLC-12,HIGH,sql-injection,Blind SQL injection heuristic triggered on API gateway,Union-based SELECT payload identified in user parameter field,2026-07-11T15:17:00+05:30,2026-07-11T15:24:00+05:30,,IN_PROGRESS,,K. Rao
ALT-2449,CSE-02,GATEWAY-DMZ-01,HIGH,credential-stuffing,Automated credential replay attacking telemetry API,Automated login attempts observed across multiple accounts,2026-07-11T16:54:00+05:30,2026-07-11T17:19:00+05:30,2026-07-11T23:33:00+05:30,CLOSED,Confirmed reconnaissance - source blocked,R. Iyer
ALT-2450,CSE-04,RTU-SUB-01,MEDIUM,port-scan,Distributed reconnaissance probing OT gateway,Stealth FIN scan detected targeting SCADA network perimeter,2026-07-26T04:33:00+05:30,2026-07-26T04:35:00+05:30,,IN_PROGRESS,,
ALT-2451,CSE-03,,HIGH,exploit-attempt,Remote code execution string identified in Modbus/TCP stream,Malicious byte sequence designed to trigger stack corruption detected,2026-07-27T18:56:00+05:30,2026-07-27T19:19:00+05:30,,ACKNOWLEDGED,,K. Rao
ALT-2452,CSE-07,GATEWAY-DMZ-01,MEDIUM,port-scan,SYN sweep detected across substation network segment,Sequential low-byte TCP connections observed across multiple ports,2026-07-11T11:32:00+05:30,,,OPEN,,P. Nair
ALT-2453,CSE-07,TR-OPS-14,CRITICAL,c2,Beaconing traffic to known suspicious external IP,Periodic low-volume outbound connections at fixed intervals,2026-07-08T08:55:00+05:30,2026-07-08T09:11:00+05:30,,IN_PROGRESS,,S. Verma
ALT-2454,CSE-03,TR-OPS-03,HIGH,sql-injection,SQL syntax anomaly in historian web reporting interface,Union-based SELECT payload identified in user parameter field,2026-08-02T11:37:00+05:30,2026-08-02T11:55:00+05:30,2026-08-02T19:19:00+05:30,CLOSED,Confirmed reconnaissance - source blocked,R. Iyer
ALT-2455,CSE-01,ENG-WRK-07,MEDIUM,port-scan,SYN sweep detected across substation network segment,Half-open SYN packets rapidly received across 1-1024 port range,2026-07-08T16:43:00+05:30,2026-07-08T16:58:00+05:30,,IN_PROGRESS,,P. Nair
ALT-2456,CSE-01,RTU-SUB-01,HIGH,sql-injection,Malformed query string on engineering portal,HTTP request to internal web portal contained SQL injection syntax,2026-07-20T08:58:00+05:30,2026-07-20T09:08:00+05:30,,IN_PROGRESS,,P. Nair
ALT-2457,CSE-02,EN-SCADA-04,HIGH,sql-injection,SQL syntax anomaly in historian web reporting interface,Union-based SELECT payload identified in user parameter field,2026-07-30T04:09:00+05:30,,,OPEN,,
ALT-2458,CSE-02,,MEDIUM,xss,Suspicious script payload in web form submission,Unsanitized HTML payload containing JavaScript tags blocked at gateway,2026-07-08T10:38:00+05:30,2026-07-08T10:50:00+05:30,2026-07-08T17:52:00+05:30,RESOLVED,Firewall rule applied - traffic suppressed,P. Nair
ALT-2459,CSE-03,,HIGH,sql-injection,Blind SQL injection heuristic triggered on API gateway,Time-delay SQL injection signature matched in asset query request,2026-07-17T06:38:00+05:30,2026-07-17T06:50:00+05:30,2026-07-17T10:24:00+05:30,RESOLVED,Firewall rule applied - traffic suppressed,S. Verma
ALT-2460,CSE-03,,MEDIUM,xss,Cross-site scripting vector identified in operator console,Unsanitized HTML payload containing JavaScript tags blocked at gateway,2026-07-24T17:56:00+05:30,,,OPEN,,
ALT-2461,CSE-02,PL-PLC-09,CRITICAL,brute-force,Multiple RDP failed logons on historian node,TCP traffic on port 22 showed 40+ failed auth attempts within 60s,2026-07-28T02:09:00+05:30,2026-07-28T02:33:00+05:30,,IN_PROGRESS,,R. Iyer
ALT-2462,CSE-04,,HIGH,sql-injection,Malformed query string on engineering portal,Union-based SELECT payload identified in user parameter field,2026-08-07T02:41:00+05:30,2026-08-07T03:05:00+05:30,,ACKNOWLEDGED,,P. Nair
ALT-2463,CSE-04,EN-SCADA-04,CRITICAL,exploit-attempt,Remote code execution string identified in Modbus/TCP stream,Malicious byte sequence designed to trigger stack corruption detected,2026-08-01T10:55:00+05:30,2026-08-01T11:19:00+05:30,2026-08-01T18:48:00+05:30,CLOSED,Confirmed reconnaissance - source blocked,S. Verma
ALT-2464,CSE-07,EN-SCADA-04,MEDIUM,port-scan,Distributed reconnaissance probing OT gateway,Stealth FIN scan detected targeting SCADA network perimeter,2026-07-24T07:00:00+05:30,2026-07-24T07:22:00+05:30,,ACKNOWLEDGED,,K. Rao
ALT-2465,CSE-01,GATEWAY-DMZ-01,CRITICAL,credential-stuffing,High-volume login attempts using leaked credentials,Automated login attempts observed across multiple accounts,2026-07-12T14:57:00+05:30,2026-07-12T15:06:00+05:30,,IN_PROGRESS,,K. Rao
ALT-2466,CSE-07,RTU-SUB-01,HIGH,exploit-attempt,Buffer overflow probe targeting legacy PLC firmware,Packet structure matched signature for CVE-2023 remote execution attempt,2026-08-03T22:08:00+05:30,2026-08-03T22:14:00+05:30,2026-08-04T04:46:00+05:30,CLOSED,Confirmed reconnaissance - source blocked,P. Nair
ALT-2467,CSE-01,HIST-SRV-01,LOW,c2,Beaconing traffic to known suspicious external IP,Persistent TLS session established to unclassified external endpoint,2026-07-14T13:59:00+05:30,2026-07-14T14:10:00+05:30,,IN_PROGRESS,,S. Verma
ALT-2468,CSE-04,PL-PLC-12,HIGH,exploit-attempt,Exploit payload targeting known CVE on exposed service,Malicious byte sequence designed to trigger stack corruption detected,2026-07-28T17:26:00+05:30,2026-07-28T17:30:00+05:30,,IN_PROGRESS,,S. Verma
ALT-2469,CSE-01,TR-OPS-03,LOW,brute-force,Multiple RDP failed logons on historian node,TCP traffic on port 22 showed 40+ failed auth attempts within 60s,2026-07-19T05:40:00+05:30,2026-07-19T05:47:00+05:30,2026-07-19T09:08:00+05:30,CLOSED,False positive - verified scheduled maintenance,K. Rao
ALT-2470,CSE-04,,MEDIUM,xss,Stored XSS pattern detected in system event log comments,Web application firewall flagged embedded script tags in input fields,2026-07-16T14:50:00+05:30,2026-07-16T15:04:00+05:30,2026-07-16T16:04:00+05:30,RESOLVED,Compromised host isolated and imaged,K. Rao
ALT-2471,CSE-02,,CRITICAL,c2,Encrypted reverse shell communication from maintenance workstation,Periodic low-volume outbound connections at fixed intervals,2026-07-17T12:01:00+05:30,2026-07-17T12:25:00+05:30,,IN_PROGRESS,,R. Iyer
ALT-2472,CSE-05,TR-OPS-03,HIGH,sql-injection,Malformed query string on engineering portal,Union-based SELECT payload identified in user parameter field,2026-07-13T07:43:00+05:30,2026-07-13T08:06:00+05:30,,IN_PROGRESS,,P. Nair
ALT-2473,CSE-05,ENG-WRK-02,CRITICAL,c2,Encrypted reverse shell communication from maintenance workstation,Periodic low-volume outbound connections at fixed intervals,2026-07-23T23:16:00+05:30,2026-07-23T23:32:00+05:30,,IN_PROGRESS,,K. Rao
ALT-2474,CSE-02,HIST-SRV-01,MEDIUM,port-scan,SYN sweep detected across substation network segment,Sequential low-byte TCP connections observed across multiple ports,2026-07-18T23:50:00+05:30,2026-07-18T23:55:00+05:30,,IN_PROGRESS,,A. Sharma
ALT-2475,CSE-03,TR-OPS-14,CRITICAL,c2,Beaconing traffic to known suspicious external IP,Persistent TLS session established to unclassified external endpoint,2026-07-25T14:21:00+05:30,2026-07-25T14:28:00+05:30,2026-07-25T23:24:00+05:30,RESOLVED,Compromised host isolated and imaged,K. Rao
ALT-2476,CSE-07,PL-PLC-09,HIGH,sql-injection,Malformed query string on engineering portal,HTTP request to internal web portal contained SQL injection syntax,2026-07-22T10:51:00+05:30,2026-07-22T11:12:00+05:30,2026-07-22T12:30:00+05:30,RESOLVED,Firewall rule applied - traffic suppressed,R. Iyer
ALT-2477,CSE-04,TR-OPS-14,CRITICAL,xss,Cross-site scripting vector identified in operator console,Reflected DOM manipulation attempt flagged in HTTP GET request,2026-07-30T12:20:00+05:30,2026-07-30T12:44:00+05:30,2026-07-30T20:39:00+05:30,RESOLVED,Firewall rule applied - traffic suppressed,A. Sharma
ALT-2478,CSE-01,EN-SCADA-01,MEDIUM,xss,Cross-site scripting vector identified in operator console,Web application firewall flagged embedded script tags in input fields,2026-08-01T14:27:00+05:30,2026-08-01T14:34:00+05:30,,IN_PROGRESS,,P. Nair
ALT-2479,CSE-05,,MEDIUM,port-scan,SYN sweep detected across substation network segment,Stealth FIN scan detected targeting SCADA network perimeter,2026-07-24T19:57:00+05:30,2026-07-24T20:00:00+05:30,2026-07-25T04:13:00+05:30,CLOSED,Patched and verified,P. Nair
ALT-2480,CSE-01,RTU-SUB-01,LOW,ddos,SYN flood exhausting SCADA telecontrol interface,High packet-per-second SYN burst causing connection pool exhaustion,2026-07-23T23:59:00+05:30,,,OPEN,,
ALT-2481,CSE-01,RTU-SUB-01,HIGH,xss,Stored XSS pattern detected in system event log comments,Reflected DOM manipulation attempt flagged in HTTP GET request,2026-08-05T22:24:00+05:30,2026-08-05T22:31:00+05:30,2026-08-06T01:31:00+05:30,RESOLVED,Accounts locked - no compromise confirmed,A. Sharma
ALT-2482,CSE-01,ENG-WRK-07,CRITICAL,ddos,Volumetric traffic spike against signalling gateway,High packet-per-second SYN burst causing connection pool exhaustion,2026-07-21T10:53:00+05:30,2026-07-21T11:13:00+05:30,,IN_PROGRESS,,S. Verma
ALT-2483,CSE-05,TR-OPS-03,CRITICAL,sql-injection,Malformed query string on engineering portal,Union-based SELECT payload identified in user parameter field,2026-08-06T23:39:00+05:30,2026-08-07T00:03:00+05:30,,ACKNOWLEDGED,,A. Sharma
ALT-2484,CSE-02,TR-OPS-14,CRITICAL,credential-stuffing,Distributed account takeover attempts across operator accounts,Automated login attempts observed across multiple accounts,2026-08-03T09:57:00+05:30,2026-08-03T10:19:00+05:30,,IN_PROGRESS,,P. Nair
ALT-2485,CSE-04,,MEDIUM,port-scan,Sequential port scan against historian server,Half-open SYN packets rapidly received across 1-1024 port range,2026-07-31T14:26:00+05:30,2026-07-31T14:50:00+05:30,,IN_PROGRESS,,S. Verma
ALT-2486,CSE-04,,HIGH,credential-stuffing,Automated credential replay attacking telemetry API,Automated login attempts observed across multiple accounts,2026-07-28T23:59:00+05:30,2026-07-29T00:03:00+05:30,,IN_PROGRESS,,K. Rao
ALT-2487,CSE-04,PL-PLC-12,CRITICAL,c2,Periodic outbound telemetry to unverified DNS domain,Command-and-control beacon signature matched in egress traffic,2026-07-21T01:00:00+05:30,2026-07-21T01:19:00+05:30,,IN_PROGRESS,,K. Rao
ALT-2488,CSE-02,,LOW,credential-stuffing,High-volume login attempts using leaked credentials,Automated login attempts observed across multiple accounts,2026-08-05T15:12:00+05:30,2026-08-05T15:14:00+05:30,2026-08-05T18:04:00+05:30,RESOLVED,Accounts locked - no compromise confirmed,P. Nair
ALT-2489,CSE-04,EN-SCADA-01,CRITICAL,c2,Encrypted reverse shell communication from maintenance workstation,Periodic low-volume outbound connections at fixed intervals,2026-08-06T17:13:00+05:30,2026-08-06T17:20:00+05:30,,IN_PROGRESS,,S. Verma
ALT-2490,CSE-01,ENG-WRK-07,CRITICAL,ddos,UDP amplification traffic targeted at field network switch,High-bandwidth NTP/DNS reflection flood impacting telemetry transmission,2026-07-15T16:02:00+05:30,,,OPEN,,
ALT-2491,CSE-03,RTU-SUB-01,CRITICAL,c2,Encrypted reverse shell communication from maintenance workstation,Periodic low-volume outbound connections at fixed intervals,2026-07-08T04:26:00+05:30,2026-07-08T04:43:00+05:30,,ACKNOWLEDGED,,R. Iyer
ALT-2492,CSE-02,RTU-SUB-01,HIGH,exploit-attempt,Remote code execution string identified in Modbus/TCP stream,Malicious byte sequence designed to trigger stack corruption detected,2026-07-13T14:58:00+05:30,2026-07-13T15:22:00+05:30,2026-07-13T17:58:00+05:30,RESOLVED,Firewall rule applied - traffic suppressed,R. Iyer
ALT-2493,CSE-02,GATEWAY-DMZ-01,MEDIUM,port-scan,Sequential port scan against historian server,Sequential low-byte TCP connections observed across multiple ports,2026-07-22T09:30:00+05:30,2026-07-22T09:41:00+05:30,,IN_PROGRESS,,A. Sharma
ALT-2494,CSE-04,TR-OPS-14,HIGH,sql-injection,Blind SQL injection heuristic triggered on API gateway,HTTP request to internal web portal contained SQL injection syntax,2026-08-04T21:52:00+05:30,2026-08-04T22:08:00+05:30,,ACKNOWLEDGED,,S. Verma
ALT-2495,CSE-07,PL-PLC-12,CRITICAL,sql-injection,Malformed query string on engineering portal,HTTP request to internal web portal contained SQL injection syntax,2026-07-12T16:59:00+05:30,2026-07-12T17:04:00+05:30,,ACKNOWLEDGED,,K. Rao
ALT-2496,CSE-07,GATEWAY-DMZ-01,HIGH,credential-stuffing,High-volume login attempts using leaked credentials,Automated login attempts observed across multiple accounts,2026-07-20T17:46:00+05:30,,,OPEN,,K. Rao
ALT-2497,CSE-05,HIST-SRV-01,HIGH,brute-force,Repeated authentication failures on SCADA gateway,Burst of failed authentication handshakes targeting remote access console,2026-08-04T18:10:00+05:30,2026-08-04T18:18:00+05:30,2026-08-05T01:36:00+05:30,CLOSED,False positive - verified scheduled maintenance,
ALT-2498,CSE-01,RTU-SUB-01,HIGH,exploit-attempt,Exploit payload targeting known CVE on exposed service,Malicious byte sequence designed to trigger stack corruption detected,2026-08-06T04:12:00+05:30,2026-08-06T04:16:00+05:30,2026-08-06T13:57:00+05:30,CLOSED,Confirmed reconnaissance - source blocked,S. Verma
ALT-2499,CSE-03,TR-OPS-14,CRITICAL,c2,Periodic outbound telemetry to unverified DNS domain,Persistent TLS session established to unclassified external endpoint,2026-07-15T23:57:00+05:30,2026-07-16T00:01:00+05:30,2026-07-16T00:59:00+05:30,RESOLVED,Compromised host isolated and imaged,R. Iyer
ALT-2500,CSE-01,RTU-SUB-05,MEDIUM,xss,Suspicious script payload in web form submission,Unsanitized HTML payload containing JavaScript tags blocked at gateway,2026-07-31T04:36:00+05:30,2026-07-31T04:58:00+05:30,,IN_PROGRESS,,
ALT-2501,CSE-05,,CRITICAL,c2,Beaconing traffic to known suspicious external IP,Persistent TLS session established to unclassified external endpoint,2026-08-01T13:19:00+05:30,2026-08-01T13:40:00+05:30,2026-08-01T16:40:00+05:30,CLOSED,False positive - verified scheduled maintenance,R. Iyer
ALT-2502,CSE-03,EN-SCADA-04,MEDIUM,xss,Stored XSS pattern detected in system event log comments,Unsanitized HTML payload containing JavaScript tags blocked at gateway,2026-07-25T22:01:00+05:30,2026-07-25T22:23:00+05:30,2026-07-25T23:53:00+05:30,CLOSED,False positive - verified scheduled maintenance,
ALT-2503,CSE-04,RTU-SUB-01,HIGH,brute-force,SSH credential brute force against engineering server,TCP traffic on port 22 showed 40+ failed auth attempts within 60s,2026-07-28T18:27:00+05:30,2026-07-28T18:48:00+05:30,2026-07-28T20:08:00+05:30,CLOSED,False positive - verified scheduled maintenance,
ALT-2504,CSE-07,PL-PLC-09,MEDIUM,port-scan,Sequential port scan against historian server,Stealth FIN scan detected targeting SCADA network perimeter,2026-07-08T15:38:00+05:30,2026-07-08T15:55:00+05:30,,ACKNOWLEDGED,,S. Verma
ALT-2505,CSE-05,RTU-SUB-05,HIGH,sql-injection,Blind SQL injection heuristic triggered on API gateway,Union-based SELECT payload identified in user parameter field,2026-07-13T12:11:00+05:30,,,OPEN,,
ALT-2506,CSE-04,RTU-SUB-05,MEDIUM,port-scan,Distributed reconnaissance probing OT gateway,Stealth FIN scan detected targeting SCADA network perimeter,2026-07-11T15:25:00+05:30,2026-07-11T15:41:00+05:30,2026-07-12T00:53:00+05:30,RESOLVED,Firewall rule applied - traffic suppressed,R. Iyer
ALT-2507,CSE-04,PL-PLC-09,HIGH,credential-stuffing,High-volume login attempts using leaked credentials,WAF detected bot-driven authentication cycling from rotating source IPs,2026-07-13T09:13:00+05:30,2026-07-13T09:38:00+05:30,,ACKNOWLEDGED,,K. Rao
ALT-2508,CSE-01,EN-SCADA-02,HIGH,brute-force,SSH credential brute force against engineering server,High rate of NTLM login failures originating from untrusted subnet,2026-07-25T13:33:00+05:30,2026-07-25T13:40:00+05:30,,ACKNOWLEDGED,,R. Iyer
ALT-2509,CSE-05,,MEDIUM,xss,Cross-site scripting vector identified in operator console,Reflected DOM manipulation attempt flagged in HTTP GET request,2026-07-22T16:42:00+05:30,2026-07-22T16:46:00+05:30,,IN_PROGRESS,,K. Rao
ALT-2510,CSE-03,TR-OPS-03,HIGH,brute-force,Multiple RDP failed logons on historian node,TCP traffic on port 22 showed 40+ failed auth attempts within 60s,2026-07-26T09:10:00+05:30,,,OPEN,,
ALT-2511,CSE-03,HIST-SRV-01,HIGH,credential-stuffing,Distributed account takeover attempts across operator accounts,Automated login attempts observed across multiple accounts,2026-07-24T22:12:00+05:30,2026-07-24T22:23:00+05:30,,ACKNOWLEDGED,,K. Rao
ALT-2512,CSE-03,RTU-SUB-01,HIGH,exploit-attempt,Buffer overflow probe targeting legacy PLC firmware,Traffic contained a known exploit signature targeting unpatched software,2026-08-02T00:14:00+05:30,2026-08-02T00:20:00+05:30,,ACKNOWLEDGED,,R. Iyer
ALT-2513,CSE-04,EN-SCADA-01,MEDIUM,xss,Stored XSS pattern detected in system event log comments,Reflected DOM manipulation attempt flagged in HTTP GET request,2026-07-08T13:43:00+05:30,2026-07-08T13:45:00+05:30,,IN_PROGRESS,,
ALT-2514,CSE-04,HIST-SRV-01,MEDIUM,port-scan,Sequential port scan against historian server,Half-open SYN packets rapidly received across 1-1024 port range,2026-07-30T12:40:00+05:30,,,OPEN,,
ALT-2515,CSE-02,RTU-SUB-05,MEDIUM,port-scan,Sequential port scan against historian server,Stealth FIN scan detected targeting SCADA network perimeter,2026-07-26T22:25:00+05:30,2026-07-26T22:41:00+05:30,,IN_PROGRESS,,
ALT-2516,CSE-01,TR-OPS-03,HIGH,sql-injection,SQL syntax anomaly in historian web reporting interface,HTTP request to internal web portal contained SQL injection syntax,2026-08-04T01:45:00+05:30,2026-08-04T01:48:00+05:30,2026-08-04T09:55:00+05:30,CLOSED,Patched and verified,A. Sharma
ALT-2517,CSE-03,RTU-SUB-05,CRITICAL,credential-stuffing,Automated credential replay attacking telemetry API,WAF detected bot-driven authentication cycling from rotating source IPs,2026-07-22T23:36:00+05:30,2026-07-22T23:52:00+05:30,,IN_PROGRESS,,S. Verma
ALT-2518,CSE-02,EN-SCADA-04,MEDIUM,xss,Stored XSS pattern detected in system event log comments,Web application firewall flagged embedded script tags in input fields,2026-07-15T04:59:00+05:30,,,OPEN,,P. Nair
ALT-2519,CSE-03,,MEDIUM,port-scan,Sequential port scan against historian server,Half-open SYN packets rapidly received across 1-1024 port range,2026-07-22T04:00:00+05:30,2026-07-22T04:10:00+05:30,2026-07-22T06:47:00+05:30,RESOLVED,Accounts locked - no compromise confirmed,A. Sharma
ALT-2520,CSE-07,HIST-SRV-01,HIGH,brute-force,SSH credential brute force against engineering server,TCP traffic on port 22 showed 40+ failed auth attempts within 60s,2026-07-12T06:52:00+05:30,2026-07-12T07:05:00+05:30,,ACKNOWLEDGED,,P. Nair
ALT-2521,CSE-05,EN-SCADA-02,CRITICAL,ddos,Volumetric traffic spike against signalling gateway,Inbound byte volume exceeded baseline by over 500%,2026-07-26T12:57:00+05:30,2026-07-26T13:16:00+05:30,2026-07-26T17:57:00+05:30,RESOLVED,Accounts locked - no compromise confirmed,P. Nair
ALT-2522,CSE-01,TR-OPS-14,MEDIUM,port-scan,Sequential port scan against historian server,Sequential low-byte TCP connections observed across multiple ports,2026-07-17T03:39:00+05:30,2026-07-17T03:52:00+05:30,2026-07-17T05:50:00+05:30,RESOLVED,Compromised host isolated and imaged,K. Rao
ALT-2523,CSE-03,EN-SCADA-04,MEDIUM,brute-force,Multiple RDP failed logons on historian node,High rate of NTLM login failures originating from untrusted subnet,2026-07-13T23:55:00+05:30,,,OPEN,,
ALT-2524,CSE-03,TR-OPS-03,LOW,brute-force,Repeated authentication failures on SCADA gateway,Burst of failed authentication handshakes targeting remote access console,2026-07-27T20:22:00+05:30,2026-07-27T20:39:00+05:30,2026-07-27T21:37:00+05:30,RESOLVED,Firewall rule applied - traffic suppressed,
ALT-2525,CSE-04,PL-PLC-09,HIGH,credential-stuffing,High-volume login attempts using leaked credentials,Coordinated brute-force replay utilizing breached username/password pairs,2026-07-20T20:55:00+05:30,2026-07-20T21:01:00+05:30,2026-07-20T22:15:00+05:30,RESOLVED,Compromised host isolated and imaged,K. Rao
ALT-2526,CSE-05,RTU-SUB-01,CRITICAL,ddos,UDP amplification traffic targeted at field network switch,High packet-per-second SYN burst causing connection pool exhaustion,2026-07-10T21:51:00+05:30,,,OPEN,,A. Sharma
ALT-2527,CSE-04,PL-PLC-12,MEDIUM,xss,Stored XSS pattern detected in system event log comments,Web application firewall flagged embedded script tags in input fields,2026-07-25T13:02:00+05:30,2026-07-25T13:19:00+05:30,,IN_PROGRESS,,K. Rao
ALT-2528,CSE-04,ENG-WRK-07,HIGH,credential-stuffing,High-volume login attempts using leaked credentials,Automated login attempts observed across multiple accounts,2026-07-22T15:32:00+05:30,2026-07-22T15:41:00+05:30,2026-07-22T16:47:00+05:30,CLOSED,False positive - verified scheduled maintenance,R. Iyer
ALT-2529,CSE-04,ENG-WRK-07,LOW,xss,Suspicious script payload in web form submission,Reflected DOM manipulation attempt flagged in HTTP GET request,2026-07-19T02:39:00+05:30,2026-07-19T02:58:00+05:30,,IN_PROGRESS,,
ALT-2530,CSE-01,RTU-SUB-01,CRITICAL,c2,Beaconing traffic to known suspicious external IP,Periodic low-volume outbound connections at fixed intervals,2026-07-18T21:37:00+05:30,2026-07-18T21:49:00+05:30,2026-07-19T04:29:00+05:30,CLOSED,Confirmed reconnaissance - source blocked,
ALT-2531,CSE-07,ENG-WRK-07,HIGH,sql-injection,Malformed query string on engineering portal,Union-based SELECT payload identified in user parameter field,2026-08-01T19:23:00+05:30,2026-08-01T19:30:00+05:30,,IN_PROGRESS,,P. Nair
ALT-2532,CSE-01,EN-SCADA-04,HIGH,brute-force,Repeated authentication failures on SCADA gateway,TCP traffic on port 22 showed 40+ failed auth attempts within 60s,2026-08-01T02:16:00+05:30,2026-08-01T02:18:00+05:30,2026-08-01T08:40:00+05:30,RESOLVED,Compromised host isolated and imaged,A. Sharma
ALT-2533,CSE-02,ENG-WRK-02,HIGH,sql-injection,Malformed query string on engineering portal,HTTP request to internal web portal contained SQL injection syntax,2026-07-14T20:35:00+05:30,2026-07-14T20:59:00+05:30,2026-07-14T23:45:00+05:30,CLOSED,Confirmed reconnaissance - source blocked,K. Rao
ALT-2534,CSE-03,EN-SCADA-04,HIGH,credential-stuffing,Automated credential replay attacking telemetry API,Coordinated brute-force replay utilizing breached username/password pairs,2026-08-03T19:20:00+05:30,,,OPEN,,
ALT-2535,CSE-03,TR-OPS-14,HIGH,sql-injection,SQL syntax anomaly in historian web reporting interface,Time-delay SQL injection signature matched in asset query request,2026-07-30T07:24:00+05:30,2026-07-30T07:31:00+05:30,,IN_PROGRESS,,
ALT-2536,CSE-05,ENG-WRK-07,MEDIUM,xss,Suspicious script payload in web form submission,Unsanitized HTML payload containing JavaScript tags blocked at gateway,2026-07-22T02:22:00+05:30,2026-07-22T02:28:00+05:30,,IN_PROGRESS,,A. Sharma
ALT-2537,CSE-07,EN-SCADA-01,LOW,c2,Beaconing traffic to known suspicious external IP,Persistent TLS session established to unclassified external endpoint,2026-07-22T14:49:00+05:30,2026-07-22T14:58:00+05:30,2026-07-22T17:20:00+05:30,CLOSED,Source IP null-routed at edge firewall,A. Sharma
ALT-2538,CSE-03,EN-SCADA-04,MEDIUM,xss,Cross-site scripting vector identified in operator console,Web application firewall flagged embedded script tags in input fields,2026-08-06T02:08:00+05:30,,,OPEN,,
ALT-2539,CSE-07,ENG-WRK-02,HIGH,exploit-attempt,Exploit payload targeting known CVE on exposed service,Traffic contained a known exploit signature targeting unpatched software,2026-07-11T05:17:00+05:30,2026-07-11T05:27:00+05:30,,IN_PROGRESS,,R. Iyer
ALT-2540,CSE-07,EN-SCADA-01,HIGH,brute-force,Multiple RDP failed logons on historian node,High rate of NTLM login failures originating from untrusted subnet,2026-07-15T16:56:00+05:30,2026-07-15T17:13:00+05:30,2026-07-16T00:08:00+05:30,RESOLVED,Firewall rule applied - traffic suppressed,K. Rao
ALT-2541,CSE-04,TR-OPS-03,HIGH,exploit-attempt,Remote code execution string identified in Modbus/TCP stream,Packet structure matched signature for CVE-2023 remote execution attempt,2026-07-18T09:38:00+05:30,2026-07-18T09:54:00+05:30,,ACKNOWLEDGED,,R. Iyer
ALT-2542,CSE-01,HIST-SRV-01,HIGH,brute-force,Repeated authentication failures on SCADA gateway,TCP traffic on port 22 showed 40+ failed auth attempts within 60s,2026-07-23T16:35:00+05:30,2026-07-23T16:49:00+05:30,,ACKNOWLEDGED,,A. Sharma
ALT-2543,CSE-07,EN-SCADA-04,MEDIUM,port-scan,Distributed reconnaissance probing OT gateway,Half-open SYN packets rapidly received across 1-1024 port range,2026-07-09T13:06:00+05:30,2026-07-09T13:28:00+05:30,2026-07-09T16:39:00+05:30,RESOLVED,Compromised host isolated and imaged,P. Nair
ALT-2544,CSE-02,EN-SCADA-02,MEDIUM,port-scan,Sequential port scan against historian server,Half-open SYN packets rapidly received across 1-1024 port range,2026-08-02T08:29:00+05:30,2026-08-02T08:39:00+05:30,2026-08-02T14:02:00+05:30,CLOSED,False positive - verified scheduled maintenance,A. Sharma
ALT-2545,CSE-01,EN-SCADA-02,CRITICAL,c2,Periodic outbound telemetry to unverified DNS domain,Periodic low-volume outbound connections at fixed intervals,2026-07-10T14:47:00+05:30,2026-07-10T14:49:00+05:30,,IN_PROGRESS,,P. Nair
ALT-2546,CSE-01,HIST-SRV-01,HIGH,exploit-attempt,Exploit payload targeting known CVE on exposed service,Traffic contained a known exploit signature targeting unpatched software,2026-07-15T21:50:00+05:30,2026-07-15T21:54:00+05:30,,IN_PROGRESS,,P. Nair
ALT-2547,CSE-01,HIST-SRV-01,CRITICAL,c2,Encrypted reverse shell communication from maintenance workstation,Command-and-control beacon signature matched in egress traffic,2026-07-12T06:47:00+05:30,2026-07-12T07:01:00+05:30,2026-07-12T10:41:00+05:30,CLOSED,False positive - verified scheduled maintenance,P. Nair
ALT-2548,CSE-03,PL-PLC-09,HIGH,exploit-attempt,Buffer overflow probe targeting legacy PLC firmware,Malicious byte sequence designed to trigger stack corruption detected,2026-07-20T02:57:00+05:30,2026-07-20T03:07:00+05:30,,ACKNOWLEDGED,,K. Rao
ALT-2549,CSE-01,TR-OPS-14,MEDIUM,port-scan,SYN sweep detected across substation network segment,Stealth FIN scan detected targeting SCADA network perimeter,2026-07-26T23:26:00+05:30,2026-07-26T23:35:00+05:30,2026-07-27T01:13:00+05:30,CLOSED,Source IP null-routed at edge firewall,K. Rao
ALT-2550,CSE-04,,MEDIUM,xss,Suspicious script payload in web form submission,Unsanitized HTML payload containing JavaScript tags blocked at gateway,2026-07-09T17:10:00+05:30,2026-07-09T17:30:00+05:30,2026-07-10T02:44:00+05:30,CLOSED,Patched and verified,R. Iyer
ALT-2551,CSE-04,PL-PLC-09,MEDIUM,sql-injection,Malformed query string on engineering portal,HTTP request to internal web portal contained SQL injection syntax,2026-07-27T09:41:00+05:30,,,OPEN,,
ALT-2552,CSE-04,PL-PLC-12,HIGH,sql-injection,SQL syntax anomaly in historian web reporting interface,Time-delay SQL injection signature matched in asset query request,2026-07-11T04:26:00+05:30,,,OPEN,,
ALT-2553,CSE-04,ENG-WRK-02,CRITICAL,ddos,Volumetric traffic spike against signalling gateway,High-bandwidth NTP/DNS reflection flood impacting telemetry transmission,2026-08-05T11:47:00+05:30,2026-08-05T12:05:00+05:30,2026-08-05T19:41:00+05:30,CLOSED,Confirmed reconnaissance - source blocked,P. Nair
ALT-2554,CSE-02,TR-OPS-14,LOW,port-scan,SYN sweep detected across substation network segment,Stealth FIN scan detected targeting SCADA network perimeter,2026-07-23T18:50:00+05:30,2026-07-23T19:00:00+05:30,2026-07-24T02:07:00+05:30,RESOLVED,Compromised host isolated and imaged,P. Nair
ALT-2555,CSE-05,,HIGH,brute-force,SSH credential brute force against engineering server,TCP traffic on port 22 showed 40+ failed auth attempts within 60s,2026-08-05T06:32:00+05:30,2026-08-05T06:55:00+05:30,2026-08-05T14:08:00+05:30,CLOSED,Confirmed reconnaissance - source blocked,P. Nair
ALT-2556,CSE-03,RTU-SUB-01,HIGH,brute-force,SSH credential brute force against engineering server,High rate of NTLM login failures originating from untrusted subnet,2026-07-09T01:20:00+05:30,2026-07-09T01:31:00+05:30,,IN_PROGRESS,,S. Verma
ALT-2557,CSE-03,,MEDIUM,port-scan,Sequential port scan against historian server,Half-open SYN packets rapidly received across 1-1024 port range,2026-07-28T07:14:00+05:30,2026-07-28T07:24:00+05:30,,IN_PROGRESS,,
ALT-2558,CSE-04,EN-SCADA-04,MEDIUM,xss,Cross-site scripting vector identified in operator console,Reflected DOM manipulation attempt flagged in HTTP GET request,2026-07-30T04:24:00+05:30,2026-07-30T04:37:00+05:30,2026-07-30T06:06:00+05:30,CLOSED,Patched and verified,R. Iyer
ALT-2559,CSE-03,GATEWAY-DMZ-01,HIGH,sql-injection,Blind SQL injection heuristic triggered on API gateway,Time-delay SQL injection signature matched in asset query request,2026-07-09T10:52:00+05:30,2026-07-09T11:00:00+05:30,,ACKNOWLEDGED,,A. Sharma
ALT-2560,CSE-01,RTU-SUB-01,HIGH,brute-force,SSH credential brute force against engineering server,Burst of failed authentication handshakes targeting remote access console,2026-07-17T04:43:00+05:30,2026-07-17T04:56:00+05:30,,IN_PROGRESS,,P. Nair
ALT-2561,CSE-05,GATEWAY-DMZ-01,MEDIUM,port-scan,Sequential port scan against historian server,Half-open SYN packets rapidly received across 1-1024 port range,2026-07-30T09:08:00+05:30,2026-07-30T09:24:00+05:30,2026-07-30T12:54:00+05:30,CLOSED,Source IP null-routed at edge firewall,K. Rao
ALT-2562,CSE-05,ENG-WRK-07,HIGH,credential-stuffing,Distributed account takeover attempts across operator accounts,WAF detected bot-driven authentication cycling from rotating source IPs,2026-07-12T05:58:00+05:30,2026-07-12T06:00:00+05:30,,IN_PROGRESS,,P. Nair
ALT-2563,CSE-01,PL-PLC-09,MEDIUM,xss,Stored XSS pattern detected in system event log comments,Web application firewall flagged embedded script tags in input fields,2026-07-20T09:09:00+05:30,2026-07-20T09:27:00+05:30,2026-07-20T10:14:00+05:30,RESOLVED,Compromised host isolated and imaged,R. Iyer
ALT-2564,CSE-04,TR-OPS-14,HIGH,sql-injection,Malformed query string on engineering portal,HTTP request to internal web portal contained SQL injection syntax,2026-07-19T14:55:00+05:30,2026-07-19T15:06:00+05:30,2026-07-19T20:21:00+05:30,CLOSED,Source IP null-routed at edge firewall,P. Nair
ALT-2565,CSE-03,,CRITICAL,ddos,SYN flood exhausting SCADA telecontrol interface,High-bandwidth NTP/DNS reflection flood impacting telemetry transmission,2026-07-31T19:55:00+05:30,2026-07-31T20:09:00+05:30,2026-07-31T22:24:00+05:30,CLOSED,Confirmed reconnaissance - source blocked,K. Rao
ALT-2566,CSE-07,ENG-WRK-07,CRITICAL,ddos,Volumetric traffic spike against signalling gateway,High packet-per-second SYN burst causing connection pool exhaustion,2026-07-11T00:58:00+05:30,2026-07-11T01:08:00+05:30,,IN_PROGRESS,,
ALT-2567,CSE-03,RTU-SUB-05,CRITICAL,ddos,UDP amplification traffic targeted at field network switch,High packet-per-second SYN burst causing connection pool exhaustion,2026-07-16T16:59:00+05:30,2026-07-16T17:17:00+05:30,,ACKNOWLEDGED,,A. Sharma
ALT-2568,CSE-01,GATEWAY-DMZ-01,HIGH,credential-stuffing,Automated credential replay attacking telemetry API,Automated login attempts observed across multiple accounts,2026-08-06T23:07:00+05:30,2026-08-06T23:18:00+05:30,2026-08-07T04:17:00+05:30,RESOLVED,Firewall rule applied - traffic suppressed,P. Nair
ALT-2569,CSE-04,EN-SCADA-02,MEDIUM,xss,Stored XSS pattern detected in system event log comments,Web application firewall flagged embedded script tags in input fields,2026-08-01T11:12:00+05:30,2026-08-01T11:35:00+05:30,2026-08-01T18:04:00+05:30,RESOLVED,Compromised host isolated and imaged,S. Verma
ALT-2570,CSE-02,PL-PLC-09,CRITICAL,ddos,Volumetric traffic spike against signalling gateway,High-bandwidth NTP/DNS reflection flood impacting telemetry transmission,2026-07-19T21:46:00+05:30,2026-07-19T21:53:00+05:30,2026-07-20T04:14:00+05:30,CLOSED,Confirmed reconnaissance - source blocked,A. Sharma
ALT-2571,CSE-03,RTU-SUB-01,CRITICAL,ddos,SYN flood exhausting SCADA telecontrol interface,High packet-per-second SYN burst causing connection pool exhaustion,2026-07-19T23:51:00+05:30,2026-07-20T00:02:00+05:30,2026-07-20T08:30:00+05:30,CLOSED,Confirmed reconnaissance - source blocked,P. Nair
ALT-2572,CSE-01,EN-SCADA-04,LOW,exploit-attempt,Remote code execution string identified in Modbus/TCP stream,Malicious byte sequence designed to trigger stack corruption detected,2026-08-01T05:58:00+05:30,2026-08-01T06:13:00+05:30,,IN_PROGRESS,,R. Iyer
ALT-2573,CSE-02,TR-OPS-14,MEDIUM,xss,Stored XSS pattern detected in system event log comments,Unsanitized HTML payload containing JavaScript tags blocked at gateway,2026-07-14T15:41:00+05:30,2026-07-14T16:05:00+05:30,,IN_PROGRESS,,A. Sharma
ALT-2574,CSE-01,,HIGH,credential-stuffing,High-volume login attempts using leaked credentials,Coordinated brute-force replay utilizing breached username/password pairs,2026-08-06T00:17:00+05:30,,,OPEN,,S. Verma
ALT-2575,CSE-02,PL-PLC-09,HIGH,sql-injection,Malformed query string on engineering portal,HTTP request to internal web portal contained SQL injection syntax,2026-08-05T02:25:00+05:30,2026-08-05T02:47:00+05:30,2026-08-05T10:29:00+05:30,RESOLVED,Firewall rule applied - traffic suppressed,P. Nair
ALT-2576,CSE-04,GATEWAY-DMZ-01,HIGH,brute-force,Repeated authentication failures on SCADA gateway,Burst of failed authentication handshakes targeting remote access console,2026-07-25T02:46:00+05:30,,,OPEN,,
ALT-2577,CSE-05,PL-PLC-12,HIGH,brute-force,Multiple RDP failed logons on historian node,Burst of failed authentication handshakes targeting remote access console,2026-07-19T11:01:00+05:30,2026-07-19T11:25:00+05:30,,ACKNOWLEDGED,,S. Verma
ALT-2578,CSE-03,TR-OPS-14,MEDIUM,port-scan,Distributed reconnaissance probing OT gateway,Half-open SYN packets rapidly received across 1-1024 port range,2026-07-15T17:40:00+05:30,,,OPEN,,
ALT-2579,CSE-03,HIST-SRV-01,HIGH,exploit-attempt,Remote code execution string identified in Modbus/TCP stream,Packet structure matched signature for CVE-2023 remote execution attempt,2026-07-23T12:15:00+05:30,2026-07-23T12:38:00+05:30,2026-07-23T15:17:00+05:30,RESOLVED,Firewall rule applied - traffic suppressed,P. Nair
ALT-2580,CSE-03,PL-PLC-12,CRITICAL,sql-injection,Malformed query string on engineering portal,HTTP request to internal web portal contained SQL injection syntax,2026-07-18T08:16:00+05:30,2026-07-18T08:24:00+05:30,,ACKNOWLEDGED,,
ALT-2581,CSE-01,PL-PLC-09,MEDIUM,port-scan,Distributed reconnaissance probing OT gateway,Sequential low-byte TCP connections observed across multiple ports,2026-07-25T05:03:00+05:30,2026-07-25T05:22:00+05:30,,IN_PROGRESS,,K. Rao
ALT-2582,CSE-01,EN-SCADA-02,MEDIUM,port-scan,Sequential port scan against historian server,Sequential low-byte TCP connections observed across multiple ports,2026-07-13T09:43:00+05:30,2026-07-13T09:59:00+05:30,2026-07-13T16:57:00+05:30,RESOLVED,Accounts locked - no compromise confirmed,K. Rao
ALT-2583,CSE-03,,HIGH,sql-injection,Blind SQL injection heuristic triggered on API gateway,Time-delay SQL injection signature matched in asset query request,2026-07-08T13:24:00+05:30,2026-07-08T13:39:00+05:30,,IN_PROGRESS,,
ALT-2584,CSE-01,RTU-SUB-05,HIGH,sql-injection,Malformed query string on engineering portal,Time-delay SQL injection signature matched in asset query request,2026-08-05T05:56:00+05:30,,,OPEN,,R. Iyer
ALT-2585,CSE-04,PL-PLC-12,MEDIUM,xss,Stored XSS pattern detected in system event log comments,Web application firewall flagged embedded script tags in input fields,2026-07-24T10:11:00+05:30,2026-07-24T10:22:00+05:30,2026-07-24T13:40:00+05:30,RESOLVED,Accounts locked - no compromise confirmed,K. Rao
ALT-2586,CSE-04,PL-PLC-12,HIGH,exploit-attempt,Exploit payload targeting known CVE on exposed service,Traffic contained a known exploit signature targeting unpatched software,2026-07-12T04:27:00+05:30,,,OPEN,,
ALT-2587,CSE-07,,LOW,sql-injection,Blind SQL injection heuristic triggered on API gateway,Time-delay SQL injection signature matched in asset query request,2026-07-12T17:53:00+05:30,2026-07-12T18:15:00+05:30,,IN_PROGRESS,,A. Sharma
ALT-2588,CSE-04,HIST-SRV-01,CRITICAL,ddos,Volumetric traffic spike against signalling gateway,Inbound byte volume exceeded baseline by over 500%,2026-07-09T22:20:00+05:30,2026-07-09T22:33:00+05:30,,IN_PROGRESS,,
ALT-2589,CSE-03,,MEDIUM,port-scan,Sequential port scan against historian server,Sequential low-byte TCP connections observed across multiple ports,2026-07-14T10:24:00+05:30,2026-07-14T10:36:00+05:30,,ACKNOWLEDGED,,S. Verma
ALT-2590,CSE-04,RTU-SUB-05,MEDIUM,port-scan,SYN sweep detected across substation network segment,Sequential low-byte TCP connections observed across multiple ports,2026-07-13T07:35:00+05:30,2026-07-13T07:49:00+05:30,2026-07-13T16:07:00+05:30,RESOLVED,Firewall rule applied - traffic suppressed,P. Nair
ALT-2591,CSE-07,,CRITICAL,c2,Beaconing traffic to known suspicious external IP,Periodic low-volume outbound connections at fixed intervals,2026-07-14T03:59:00+05:30,,,OPEN,,
ALT-2592,CSE-02,TR-OPS-03,CRITICAL,c2,Encrypted reverse shell communication from maintenance workstation,Persistent TLS session established to unclassified external endpoint,2026-07-28T01:50:00+05:30,2026-07-28T02:11:00+05:30,,ACKNOWLEDGED,,P. Nair
ALT-2593,CSE-03,EN-SCADA-01,HIGH,sql-injection,SQL syntax anomaly in historian web reporting interface,HTTP request to internal web portal contained SQL injection syntax,2026-07-26T20:28:00+05:30,2026-07-26T20:31:00+05:30,2026-07-26T22:17:00+05:30,RESOLVED,Firewall rule applied - traffic suppressed,
ALT-2594,CSE-03,EN-SCADA-01,HIGH,xss,Stored XSS pattern detected in system event log comments,Reflected DOM manipulation attempt flagged in HTTP GET request,2026-08-05T06:31:00+05:30,,,OPEN,,
ALT-2595,CSE-07,RTU-SUB-01,HIGH,exploit-attempt,Remote code execution string identified in Modbus/TCP stream,Packet structure matched signature for CVE-2023 remote execution attempt,2026-07-25T15:38:00+05:30,2026-07-25T15:57:00+05:30,,ACKNOWLEDGED,,K. Rao
ALT-2596,CSE-01,EN-SCADA-01,HIGH,sql-injection,SQL syntax anomaly in historian web reporting interface,Union-based SELECT payload identified in user parameter field,2026-07-15T15:54:00+05:30,,,OPEN,,
ALT-2597,CSE-03,RTU-SUB-01,LOW,credential-stuffing,Automated credential replay attacking telemetry API,Automated login attempts observed across multiple accounts,2026-08-02T04:32:00+05:30,2026-08-02T04:46:00+05:30,2026-08-02T09:17:00+05:30,RESOLVED,Accounts locked - no compromise confirmed,P. Nair
ALT-2598,CSE-04,,CRITICAL,port-scan,SYN sweep detected across substation network segment,Sequential low-byte TCP connections observed across multiple ports,2026-07-30T18:30:00+05:30,,,OPEN,,P. Nair
ALT-2599,CSE-01,EN-SCADA-01,MEDIUM,port-scan,Distributed reconnaissance probing OT gateway,Stealth FIN scan detected targeting SCADA network perimeter,2026-07-21T23:57:00+05:30,2026-07-22T00:16:00+05:30,2026-07-22T04:13:00+05:30,CLOSED,Source IP null-routed at edge firewall,S. Verma
ALT-2600,CSE-03,EN-SCADA-02,HIGH,xss,Stored XSS pattern detected in system event log comments,Reflected DOM manipulation attempt flagged in HTTP GET request,2026-08-04T10:33:00+05:30,2026-08-04T10:57:00+05:30,2026-08-04T17:30:00+05:30,RESOLVED,Compromised host isolated and imaged,P. Nair
ALT-2601,CSE-01,TR-OPS-03,MEDIUM,xss,Cross-site scripting vector identified in operator console,Reflected DOM manipulation attempt flagged in HTTP GET request,2026-07-21T10:10:00+05:30,2026-07-21T10:28:00+05:30,2026-07-21T17:17:00+05:30,CLOSED,Confirmed reconnaissance - source blocked,R. Iyer
ALT-2602,CSE-02,,CRITICAL,sql-injection,Malformed query string on engineering portal,Union-based SELECT payload identified in user parameter field,2026-08-04T22:27:00+05:30,2026-08-04T22:35:00+05:30,,ACKNOWLEDGED,,R. Iyer
ALT-2603,CSE-04,PL-PLC-12,MEDIUM,exploit-attempt,Remote code execution string identified in Modbus/TCP stream,Malicious byte sequence designed to trigger stack corruption detected,2026-07-13T00:57:00+05:30,2026-07-13T01:00:00+05:30,2026-07-13T03:48:00+05:30,RESOLVED,Firewall rule applied - traffic suppressed,P. Nair
ALT-2604,CSE-07,TR-OPS-14,HIGH,exploit-attempt,Remote code execution string identified in Modbus/TCP stream,Traffic contained a known exploit signature targeting unpatched software,2026-08-02T07:31:00+05:30,2026-08-02T07:51:00+05:30,2026-08-02T16:30:00+05:30,RESOLVED,Compromised host isolated and imaged,A. Sharma
ALT-2605,CSE-07,PL-PLC-09,HIGH,sql-injection,Blind SQL injection heuristic triggered on API gateway,Time-delay SQL injection signature matched in asset query request,2026-08-04T17:20:00+05:30,2026-08-04T17:38:00+05:30,,IN_PROGRESS,,P. Nair
ALT-2606,CSE-04,RTU-SUB-01,CRITICAL,ddos,SYN flood exhausting SCADA telecontrol interface,High packet-per-second SYN burst causing connection pool exhaustion,2026-07-28T17:52:00+05:30,2026-07-28T17:58:00+05:30,,ACKNOWLEDGED,,P. Nair
ALT-2607,CSE-05,HIST-SRV-01,HIGH,credential-stuffing,Automated credential replay attacking telemetry API,WAF detected bot-driven authentication cycling from rotating source IPs,2026-07-18T00:38:00+05:30,2026-07-18T00:46:00+05:30,,ACKNOWLEDGED,,K. Rao
ALT-2608,CSE-07,HIST-SRV-01,MEDIUM,credential-stuffing,Automated credential replay attacking telemetry API,WAF detected bot-driven authentication cycling from rotating source IPs,2026-07-16T05:28:00+05:30,2026-07-16T05:47:00+05:30,2026-07-16T11:43:00+05:30,CLOSED,Confirmed reconnaissance - source blocked,S. Verma
ALT-2609,CSE-05,,CRITICAL,c2,Encrypted reverse shell communication from maintenance workstation,Command-and-control beacon signature matched in egress traffic,2026-07-27T08:36:00+05:30,,,OPEN,,
ALT-2610,CSE-01,GATEWAY-DMZ-01,HIGH,sql-injection,Malformed query string on engineering portal,HTTP request to internal web portal contained SQL injection syntax,2026-07-20T06:51:00+05:30,2026-07-20T07:02:00+05:30,,ACKNOWLEDGED,,
ALT-2611,CSE-03,TR-OPS-14,HIGH,brute-force,SSH credential brute force against engineering server,TCP traffic on port 22 showed 40+ failed auth attempts within 60s,2026-08-01T18:21:00+05:30,,,OPEN,,
ALT-2612,CSE-04,TR-OPS-03,MEDIUM,xss,Stored XSS pattern detected in system event log comments,Unsanitized HTML payload containing JavaScript tags blocked at gateway,2026-07-18T22:46:00+05:30,2026-07-18T23:10:00+05:30,2026-07-19T04:25:00+05:30,CLOSED,Confirmed reconnaissance - source blocked,P. Nair
ALT-2613,CSE-04,,LOW,credential-stuffing,High-volume login attempts using leaked credentials,WAF detected bot-driven authentication cycling from rotating source IPs,2026-07-19T13:46:00+05:30,2026-07-19T14:07:00+05:30,,ACKNOWLEDGED,,P. Nair
ALT-2614,CSE-02,ENG-WRK-07,MEDIUM,xss,Suspicious script payload in web form submission,Unsanitized HTML payload containing JavaScript tags blocked at gateway,2026-07-28T13:28:00+05:30,2026-07-28T13:51:00+05:30,,ACKNOWLEDGED,,R. Iyer
ALT-2615,CSE-02,PL-PLC-09,MEDIUM,port-scan,SYN sweep detected across substation network segment,Half-open SYN packets rapidly received across 1-1024 port range,2026-08-02T11:12:00+05:30,2026-08-02T11:18:00+05:30,,IN_PROGRESS,,A. Sharma
ALT-2616,CSE-05,RTU-SUB-05,HIGH,brute-force,Multiple RDP failed logons on historian node,TCP traffic on port 22 showed 40+ failed auth attempts within 60s,2026-07-09T22:52:00+05:30,2026-07-09T23:04:00+05:30,,ACKNOWLEDGED,,K. Rao
ALT-2617,CSE-01,HIST-SRV-01,HIGH,exploit-attempt,Remote code execution string identified in Modbus/TCP stream,Malicious byte sequence designed to trigger stack corruption detected,2026-07-11T10:51:00+05:30,2026-07-11T11:09:00+05:30,,IN_PROGRESS,,A. Sharma
ALT-2618,CSE-02,EN-SCADA-04,HIGH,sql-injection,Blind SQL injection heuristic triggered on API gateway,Union-based SELECT payload identified in user parameter field,2026-07-12T07:40:00+05:30,2026-07-12T07:49:00+05:30,,IN_PROGRESS,,A. Sharma
ALT-2619,CSE-07,ENG-WRK-02,HIGH,credential-stuffing,High-volume login attempts using leaked credentials,WAF detected bot-driven authentication cycling from rotating source IPs,2026-08-01T06:41:00+05:30,2026-08-01T07:00:00+05:30,2026-08-01T07:35:00+05:30,RESOLVED,Accounts locked - no compromise confirmed,
ALT-2620,CSE-03,,MEDIUM,xss,Suspicious script payload in web form submission,Reflected DOM manipulation attempt flagged in HTTP GET request,2026-07-22T17:47:00+05:30,2026-07-22T17:52:00+05:30,2026-07-23T01:07:00+05:30,RESOLVED,Firewall rule applied - traffic suppressed,K. Rao
ALT-2621,CSE-07,HIST-SRV-01,HIGH,brute-force,Multiple RDP failed logons on historian node,Burst of failed authentication handshakes targeting remote access console,2026-07-28T09:55:00+05:30,2026-07-28T09:58:00+05:30,2026-07-28T15:43:00+05:30,RESOLVED,Compromised host isolated and imaged,A. Sharma
ALT-2622,CSE-03,EN-SCADA-04,MEDIUM,port-scan,Distributed reconnaissance probing OT gateway,Stealth FIN scan detected targeting SCADA network perimeter,2026-07-08T11:15:00+05:30,,,OPEN,,
ALT-2623,CSE-02,,MEDIUM,port-scan,Distributed reconnaissance probing OT gateway,Stealth FIN scan detected targeting SCADA network perimeter,2026-07-27T22:38:00+05:30,,,OPEN,,
ALT-2624,CSE-02,EN-SCADA-01,HIGH,exploit-attempt,Exploit payload targeting known CVE on exposed service,Traffic contained a known exploit signature targeting unpatched software,2026-07-11T11:15:00+05:30,,,OPEN,,S. Verma
ALT-2625,CSE-05,EN-SCADA-04,CRITICAL,xss,Cross-site scripting vector identified in operator console,Unsanitized HTML payload containing JavaScript tags blocked at gateway,2026-08-05T19:36:00+05:30,2026-08-05T19:51:00+05:30,2026-08-06T01:44:00+05:30,RESOLVED,Accounts locked - no compromise confirmed,P. Nair
ALT-2626,CSE-07,TR-OPS-03,HIGH,brute-force,Multiple RDP failed logons on historian node,TCP traffic on port 22 showed 40+ failed auth attempts within 60s,2026-08-03T18:53:00+05:30,,,OPEN,,
ALT-2627,CSE-01,ENG-WRK-07,MEDIUM,port-scan,Distributed reconnaissance probing OT gateway,Half-open SYN packets rapidly received across 1-1024 port range,2026-08-04T17:46:00+05:30,,,OPEN,,P. Nair
ALT-2628,CSE-04,GATEWAY-DMZ-01,HIGH,brute-force,Multiple RDP failed logons on historian node,TCP traffic on port 22 showed 40+ failed auth attempts within 60s,2026-07-14T08:12:00+05:30,2026-07-14T08:31:00+05:30,2026-07-14T13:59:00+05:30,RESOLVED,Compromised host isolated and imaged,A. Sharma
ALT-2629,CSE-03,ENG-WRK-07,HIGH,brute-force,Multiple RDP failed logons on historian node,TCP traffic on port 22 showed 40+ failed auth attempts within 60s,2026-07-13T17:51:00+05:30,,,OPEN,,K. Rao
ALT-2630,CSE-04,EN-SCADA-04,CRITICAL,ddos,UDP amplification traffic targeted at field network switch,High-bandwidth NTP/DNS reflection flood impacting telemetry transmission,2026-07-23T18:49:00+05:30,2026-07-23T19:04:00+05:30,,ACKNOWLEDGED,,
ALT-2631,CSE-05,TR-OPS-14,HIGH,sql-injection,Blind SQL injection heuristic triggered on API gateway,Union-based SELECT payload identified in user parameter field,2026-07-16T23:30:00+05:30,,,OPEN,,K. Rao
ALT-2632,CSE-01,,MEDIUM,port-scan,Sequential port scan against historian server,Half-open SYN packets rapidly received across 1-1024 port range,2026-07-12T14:30:00+05:30,2026-07-12T14:55:00+05:30,,ACKNOWLEDGED,,K. Rao
ALT-2633,CSE-04,ENG-WRK-02,HIGH,credential-stuffing,Automated credential replay attacking telemetry API,Automated login attempts observed across multiple accounts,2026-07-12T16:31:00+05:30,2026-07-12T16:52:00+05:30,,IN_PROGRESS,,R. Iyer
ALT-2634,CSE-02,ENG-WRK-02,HIGH,exploit-attempt,Remote code execution string identified in Modbus/TCP stream,Packet structure matched signature for CVE-2023 remote execution attempt,2026-07-22T01:07:00+05:30,2026-07-22T01:13:00+05:30,2026-07-22T08:05:00+05:30,CLOSED,False positive - verified scheduled maintenance,P. Nair
ALT-2635,CSE-02,EN-SCADA-01,HIGH,credential-stuffing,High-volume login attempts using leaked credentials,WAF detected bot-driven authentication cycling from rotating source IPs,2026-08-06T07:12:00+05:30,2026-08-06T07:22:00+05:30,2026-08-06T14:05:00+05:30,RESOLVED,Accounts locked - no compromise confirmed,
ALT-2636,CSE-07,ENG-WRK-02,HIGH,exploit-attempt,Buffer overflow probe targeting legacy PLC firmware,Malicious byte sequence designed to trigger stack corruption detected,2026-07-30T07:09:00+05:30,2026-07-30T07:14:00+05:30,2026-07-30T10:53:00+05:30,CLOSED,Confirmed reconnaissance - source blocked,S. Verma
ALT-2637,CSE-02,PL-PLC-12,CRITICAL,ddos,UDP amplification traffic targeted at field network switch,Inbound byte volume exceeded baseline by over 500%,2026-07-11T13:36:00+05:30,,,OPEN,,
ALT-2638,CSE-07,EN-SCADA-01,CRITICAL,c2,Beaconing traffic to known suspicious external IP,Periodic low-volume outbound connections at fixed intervals,2026-08-02T05:44:00+05:30,2026-08-02T06:03:00+05:30,,IN_PROGRESS,,K. Rao
ALT-2639,CSE-04,TR-OPS-14,HIGH,credential-stuffing,Automated credential replay attacking telemetry API,WAF detected bot-driven authentication cycling from rotating source IPs,2026-07-21T09:05:00+05:30,2026-07-21T09:21:00+05:30,,ACKNOWLEDGED,,K. Rao
ALT-2640,CSE-05,EN-SCADA-04,CRITICAL,c2,Beaconing traffic to known suspicious external IP,Persistent TLS session established to unclassified external endpoint,2026-07-19T00:10:00+05:30,2026-07-19T00:33:00+05:30,2026-07-19T03:44:00+05:30,CLOSED,Patched and verified,P. Nair
ALT-2641,CSE-02,PL-PLC-09,HIGH,sql-injection,SQL syntax anomaly in historian web reporting interface,Union-based SELECT payload identified in user parameter field,2026-07-09T23:23:00+05:30,2026-07-09T23:40:00+05:30,,ACKNOWLEDGED,,A. Sharma
ALT-2642,CSE-01,RTU-SUB-05,HIGH,credential-stuffing,Automated credential replay attacking telemetry API,Automated login attempts observed across multiple accounts,2026-07-31T16:55:00+05:30,2026-07-31T17:09:00+05:30,,IN_PROGRESS,,P. Nair
ALT-2643,CSE-04,EN-SCADA-02,HIGH,brute-force,Repeated authentication failures on SCADA gateway,Burst of failed authentication handshakes targeting remote access console,2026-07-31T20:43:00+05:30,2026-07-31T21:08:00+05:30,,IN_PROGRESS,,S. Verma
ALT-2644,CSE-05,PL-PLC-09,CRITICAL,c2,Periodic outbound telemetry to unverified DNS domain,Persistent TLS session established to unclassified external endpoint,2026-08-06T20:52:00+05:30,,,OPEN,,
ALT-2645,CSE-04,RTU-SUB-01,CRITICAL,c2,Periodic outbound telemetry to unverified DNS domain,Command-and-control beacon signature matched in egress traffic,2026-07-30T01:50:00+05:30,2026-07-30T01:52:00+05:30,2026-07-30T11:08:00+05:30,CLOSED,Patched and verified,P. Nair
ALT-2646,CSE-02,RTU-SUB-01,MEDIUM,port-scan,SYN sweep detected across substation network segment,Sequential low-byte TCP connections observed across multiple ports,2026-07-14T23:21:00+05:30,2026-07-14T23:28:00+05:30,,ACKNOWLEDGED,,S. Verma
ALT-2647,CSE-05,TR-OPS-03,MEDIUM,xss,Cross-site scripting vector identified in operator console,Reflected DOM manipulation attempt flagged in HTTP GET request,2026-07-13T07:02:00+05:30,2026-07-13T07:25:00+05:30,2026-07-13T15:57:00+05:30,RESOLVED,Firewall rule applied - traffic suppressed,A. Sharma
ALT-2648,CSE-05,PL-PLC-09,CRITICAL,c2,Beaconing traffic to known suspicious external IP,Periodic low-volume outbound connections at fixed intervals,2026-08-03T05:39:00+05:30,2026-08-03T05:46:00+05:30,2026-08-03T08:41:00+05:30,CLOSED,Confirmed reconnaissance - source blocked,K. Rao
ALT-2649,CSE-02,EN-SCADA-02,HIGH,sql-injection,Malformed query string on engineering portal,Time-delay SQL injection signature matched in asset query request,2026-07-26T14:06:00+05:30,2026-07-26T14:26:00+05:30,2026-07-26T15:10:00+05:30,CLOSED,False positive - verified scheduled maintenance,R. Iyer
ALT-2650,CSE-02,,MEDIUM,exploit-attempt,Exploit payload targeting known CVE on exposed service,Malicious byte sequence designed to trigger stack corruption detected,2026-08-04T11:31:00+05:30,2026-08-04T11:51:00+05:30,,ACKNOWLEDGED,,A. Sharma
ALT-2651,CSE-05,RTU-SUB-05,HIGH,sql-injection,SQL syntax anomaly in historian web reporting interface,Union-based SELECT payload identified in user parameter field,2026-08-04T06:49:00+05:30,2026-08-04T06:53:00+05:30,2026-08-04T11:29:00+05:30,CLOSED,Source IP null-routed at edge firewall,P. Nair
ALT-2652,CSE-02,TR-OPS-03,HIGH,brute-force,Multiple RDP failed logons on historian node,Burst of failed authentication handshakes targeting remote access console,2026-07-27T05:46:00+05:30,2026-07-27T06:07:00+05:30,,ACKNOWLEDGED,,R. Iyer
ALT-2653,CSE-02,,LOW,brute-force,Repeated authentication failures on SCADA gateway,High rate of NTLM login failures originating from untrusted subnet,2026-07-14T01:36:00+05:30,2026-07-14T01:55:00+05:30,2026-07-14T02:22:00+05:30,CLOSED,Source IP null-routed at edge firewall,K. Rao
ALT-2654,CSE-04,ENG-WRK-07,HIGH,brute-force,SSH credential brute force against engineering server,TCP traffic on port 22 showed 40+ failed auth attempts within 60s,2026-07-30T01:51:00+05:30,2026-07-30T02:04:00+05:30,2026-07-30T04:16:00+05:30,RESOLVED,Firewall rule applied - traffic suppressed,A. Sharma
ALT-2655,CSE-03,,LOW,xss,Cross-site scripting vector identified in operator console,Reflected DOM manipulation attempt flagged in HTTP GET request,2026-08-01T21:08:00+05:30,2026-08-01T21:18:00+05:30,2026-08-02T01:06:00+05:30,RESOLVED,Accounts locked - no compromise confirmed,
ALT-2656,CSE-07,EN-SCADA-01,MEDIUM,port-scan,SYN sweep detected across substation network segment,Stealth FIN scan detected targeting SCADA network perimeter,2026-07-17T11:37:00+05:30,2026-07-17T11:52:00+05:30,,IN_PROGRESS,,S. Verma
ALT-2657,CSE-01,TR-OPS-14,CRITICAL,c2,Periodic outbound telemetry to unverified DNS domain,Command-and-control beacon signature matched in egress traffic,2026-08-01T12:49:00+05:30,2026-08-01T13:09:00+05:30,2026-08-01T19:48:00+05:30,RESOLVED,Compromised host isolated and imaged,S. Verma
ALT-2658,CSE-07,GATEWAY-DMZ-01,MEDIUM,xss,Stored XSS pattern detected in system event log comments,Unsanitized HTML payload containing JavaScript tags blocked at gateway,2026-07-16T06:27:00+05:30,2026-07-16T06:46:00+05:30,,IN_PROGRESS,,K. Rao
ALT-2659,CSE-04,RTU-SUB-05,CRITICAL,ddos,UDP amplification traffic targeted at field network switch,High packet-per-second SYN burst causing connection pool exhaustion,2026-07-14T10:03:00+05:30,,,OPEN,,
ALT-2660,CSE-04,PL-PLC-09,MEDIUM,port-scan,SYN sweep detected across substation network segment,Half-open SYN packets rapidly received across 1-1024 port range,2026-08-02T04:37:00+05:30,2026-08-02T05:01:00+05:30,2026-08-02T06:15:00+05:30,CLOSED,Patched and verified,P. Nair
ALT-2661,CSE-07,EN-SCADA-01,CRITICAL,port-scan,Distributed reconnaissance probing OT gateway,Half-open SYN packets rapidly received across 1-1024 port range,2026-07-12T03:31:00+05:30,,,OPEN,,S. Verma
ALT-2662,CSE-01,EN-SCADA-02,CRITICAL,c2,Encrypted reverse shell communication from maintenance workstation,Persistent TLS session established to unclassified external endpoint,2026-07-31T20:19:00+05:30,2026-07-31T20:43:00+05:30,,IN_PROGRESS,,K. Rao
ALT-2663,CSE-01,PL-PLC-09,HIGH,exploit-attempt,Exploit payload targeting known CVE on exposed service,Packet structure matched signature for CVE-2023 remote execution attempt,2026-07-31T17:12:00+05:30,2026-07-31T17:20:00+05:30,,IN_PROGRESS,,R. Iyer
ALT-2664,CSE-05,RTU-SUB-01,HIGH,sql-injection,SQL syntax anomaly in historian web reporting interface,HTTP request to internal web portal contained SQL injection syntax,2026-08-06T22:42:00+05:30,,,OPEN,,
ALT-2665,CSE-01,RTU-SUB-05,CRITICAL,c2,Periodic outbound telemetry to unverified DNS domain,Command-and-control beacon signature matched in egress traffic,2026-08-03T19:24:00+05:30,2026-08-03T19:42:00+05:30,,ACKNOWLEDGED,,R. Iyer
ALT-2666,CSE-07,EN-SCADA-04,MEDIUM,port-scan,Distributed reconnaissance probing OT gateway,Stealth FIN scan detected targeting SCADA network perimeter,2026-08-03T15:58:00+05:30,2026-08-03T16:11:00+05:30,,IN_PROGRESS,,S. Verma
ALT-2667,CSE-02,PL-PLC-12,LOW,exploit-attempt,Buffer overflow probe targeting legacy PLC firmware,Traffic contained a known exploit signature targeting unpatched software,2026-07-26T15:56:00+05:30,2026-07-26T16:01:00+05:30,2026-07-26T17:55:00+05:30,CLOSED,False positive - verified scheduled maintenance,S. Verma
ALT-2668,CSE-01,RTU-SUB-05,CRITICAL,ddos,SYN flood exhausting SCADA telecontrol interface,High-bandwidth NTP/DNS reflection flood impacting telemetry transmission,2026-07-30T03:30:00+05:30,2026-07-30T03:42:00+05:30,,ACKNOWLEDGED,,P. Nair
ALT-2669,CSE-07,,HIGH,brute-force,SSH credential brute force against engineering server,TCP traffic on port 22 showed 40+ failed auth attempts within 60s,2026-07-25T13:13:00+05:30,2026-07-25T13:36:00+05:30,,ACKNOWLEDGED,,
ALT-2670,CSE-02,ENG-WRK-02,LOW,c2,Encrypted reverse shell communication from maintenance workstation,Command-and-control beacon signature matched in egress traffic,2026-07-19T10:24:00+05:30,2026-07-19T10:28:00+05:30,,IN_PROGRESS,,P. Nair
ALT-2671,CSE-07,ENG-WRK-02,MEDIUM,port-scan,Sequential port scan against historian server,Half-open SYN packets rapidly received across 1-1024 port range,2026-07-22T10:04:00+05:30,2026-07-22T10:12:00+05:30,,IN_PROGRESS,,K. Rao
ALT-2672,CSE-03,PL-PLC-09,MEDIUM,xss,Suspicious script payload in web form submission,Web application firewall flagged embedded script tags in input fields,2026-07-19T03:38:00+05:30,2026-07-19T03:46:00+05:30,,IN_PROGRESS,,A. Sharma
ALT-2673,CSE-02,RTU-SUB-01,HIGH,credential-stuffing,High-volume login attempts using leaked credentials,Automated login attempts observed across multiple accounts,2026-07-11T16:58:00+05:30,2026-07-11T17:19:00+05:30,2026-07-11T17:49:00+05:30,RESOLVED,Compromised host isolated and imaged,R. Iyer
ALT-2674,CSE-04,ENG-WRK-07,HIGH,credential-stuffing,Automated credential replay attacking telemetry API,Coordinated brute-force replay utilizing breached username/password pairs,2026-07-30T11:20:00+05:30,2026-07-30T11:38:00+05:30,,ACKNOWLEDGED,,S. Verma
ALT-2675,CSE-04,RTU-SUB-01,HIGH,sql-injection,SQL syntax anomaly in historian web reporting interface,Union-based SELECT payload identified in user parameter field,2026-08-01T17:54:00+05:30,,,OPEN,,
ALT-2676,CSE-04,PL-PLC-09,CRITICAL,exploit-attempt,Buffer overflow probe targeting legacy PLC firmware,Packet structure matched signature for CVE-2023 remote execution attempt,2026-07-08T12:26:00+05:30,,,OPEN,,
ALT-2677,CSE-04,TR-OPS-03,HIGH,credential-stuffing,Distributed account takeover attempts across operator accounts,Automated login attempts observed across multiple accounts,2026-08-02T02:25:00+05:30,2026-08-02T02:34:00+05:30,,IN_PROGRESS,,S. Verma
ALT-2678,CSE-04,ENG-WRK-02,HIGH,credential-stuffing,Distributed account takeover attempts across operator accounts,Automated login attempts observed across multiple accounts,2026-07-27T05:00:00+05:30,2026-07-27T05:13:00+05:30,,IN_PROGRESS,,P. Nair
ALT-2679,CSE-03,,HIGH,sql-injection,Blind SQL injection heuristic triggered on API gateway,Time-delay SQL injection signature matched in asset query request,2026-07-18T12:54:00+05:30,,,OPEN,,
ALT-2680,CSE-02,,CRITICAL,c2,Encrypted reverse shell communication from maintenance workstation,Periodic low-volume outbound connections at fixed intervals,2026-07-29T15:52:00+05:30,,,OPEN,,P. Nair
ALT-2681,CSE-02,ENG-WRK-02,HIGH,exploit-attempt,Remote code execution string identified in Modbus/TCP stream,Packet structure matched signature for CVE-2023 remote execution attempt,2026-07-10T07:21:00+05:30,2026-07-10T07:26:00+05:30,2026-07-10T10:53:00+05:30,RESOLVED,Accounts locked - no compromise confirmed,A. Sharma
ALT-2682,CSE-03,,MEDIUM,port-scan,SYN sweep detected across substation network segment,Half-open SYN packets rapidly received across 1-1024 port range,2026-07-24T13:31:00+05:30,2026-07-24T13:50:00+05:30,,IN_PROGRESS,,K. Rao
ALT-2683,CSE-03,ENG-WRK-07,HIGH,brute-force,SSH credential brute force against engineering server,Burst of failed authentication handshakes targeting remote access console,2026-08-04T16:42:00+05:30,2026-08-04T17:02:00+05:30,,ACKNOWLEDGED,,K. Rao
ALT-2684,CSE-07,PL-PLC-09,CRITICAL,ddos,UDP amplification traffic targeted at field network switch,High-bandwidth NTP/DNS reflection flood impacting telemetry transmission,2026-07-30T07:43:00+05:30,2026-07-30T07:47:00+05:30,2026-07-30T14:58:00+05:30,RESOLVED,Compromised host isolated and imaged,S. Verma
ALT-2685,CSE-04,TR-OPS-14,HIGH,sql-injection,SQL syntax anomaly in historian web reporting interface,Union-based SELECT payload identified in user parameter field,2026-08-05T20:46:00+05:30,2026-08-05T21:06:00+05:30,2026-08-06T04:25:00+05:30,CLOSED,Confirmed reconnaissance - source blocked,R. Iyer
ALT-2686,CSE-02,ENG-WRK-02,MEDIUM,xss,Stored XSS pattern detected in system event log comments,Unsanitized HTML payload containing JavaScript tags blocked at gateway,2026-07-20T07:24:00+05:30,2026-07-20T07:46:00+05:30,2026-07-20T14:53:00+05:30,CLOSED,False positive - verified scheduled maintenance,P. Nair
ALT-2687,CSE-03,,CRITICAL,c2,Beaconing traffic to known suspicious external IP,Periodic low-volume outbound connections at fixed intervals,2026-07-18T19:31:00+05:30,2026-07-18T19:56:00+05:30,,IN_PROGRESS,,
ALT-2688,CSE-07,EN-SCADA-04,MEDIUM,xss,Suspicious script payload in web form submission,Web application firewall flagged embedded script tags in input fields,2026-07-11T00:55:00+05:30,2026-07-11T01:14:00+05:30,2026-07-11T02:35:00+05:30,RESOLVED,Accounts locked - no compromise confirmed,P. Nair
ALT-2689,CSE-05,EN-SCADA-04,MEDIUM,port-scan,Sequential port scan against historian server,Sequential low-byte TCP connections observed across multiple ports,2026-08-06T22:30:00+05:30,2026-08-06T22:41:00+05:30,2026-08-07T03:09:00+05:30,RESOLVED,Accounts locked - no compromise confirmed,
ALT-2690,CSE-03,,HIGH,sql-injection,Malformed query string on engineering portal,HTTP request to internal web portal contained SQL injection syntax,2026-07-09T17:38:00+05:30,2026-07-09T17:50:00+05:30,,IN_PROGRESS,,P. Nair
ALT-2691,CSE-04,RTU-SUB-05,HIGH,exploit-attempt,Remote code execution string identified in Modbus/TCP stream,Packet structure matched signature for CVE-2023 remote execution attempt,2026-07-16T04:37:00+05:30,2026-07-16T04:58:00+05:30,2026-07-16T13:09:00+05:30,CLOSED,Source IP null-routed at edge firewall,K. Rao
ALT-2692,CSE-07,HIST-SRV-01,HIGH,credential-stuffing,High-volume login attempts using leaked credentials,Automated login attempts observed across multiple accounts,2026-07-28T05:52:00+05:30,2026-07-28T06:05:00+05:30,,IN_PROGRESS,,P. Nair
ALT-2693,CSE-03,TR-OPS-14,CRITICAL,ddos,UDP amplification traffic targeted at field network switch,Inbound byte volume exceeded baseline by over 500%,2026-07-23T18:51:00+05:30,2026-07-23T19:08:00+05:30,,IN_PROGRESS,,K. Rao
ALT-2694,CSE-01,,HIGH,exploit-attempt,Buffer overflow probe targeting legacy PLC firmware,Malicious byte sequence designed to trigger stack corruption detected,2026-08-04T07:20:00+05:30,2026-08-04T07:22:00+05:30,,ACKNOWLEDGED,,K. Rao
ALT-2695,CSE-03,PL-PLC-12,CRITICAL,c2,Periodic outbound telemetry to unverified DNS domain,Periodic low-volume outbound connections at fixed intervals,2026-07-15T13:35:00+05:30,2026-07-15T13:49:00+05:30,2026-07-15T18:05:00+05:30,RESOLVED,Firewall rule applied - traffic suppressed,R. Iyer
ALT-2696,CSE-04,RTU-SUB-01,CRITICAL,ddos,UDP amplification traffic targeted at field network switch,High-bandwidth NTP/DNS reflection flood impacting telemetry transmission,2026-07-20T08:52:00+05:30,2026-07-20T09:00:00+05:30,2026-07-20T10:47:00+05:30,RESOLVED,Accounts locked - no compromise confirmed,A. Sharma
ALT-2697,CSE-03,TR-OPS-03,HIGH,exploit-attempt,Buffer overflow probe targeting legacy PLC firmware,Packet structure matched signature for CVE-2023 remote execution attempt,2026-08-05T11:27:00+05:30,2026-08-05T11:35:00+05:30,2026-08-05T17:40:00+05:30,RESOLVED,Accounts locked - no compromise confirmed,A. Sharma
ALT-2698,CSE-01,EN-SCADA-01,HIGH,sql-injection,SQL syntax anomaly in historian web reporting interface,HTTP request to internal web portal contained SQL injection syntax,2026-07-28T02:07:00+05:30,,,OPEN,,A. Sharma
ALT-2699,CSE-01,,MEDIUM,xss,Cross-site scripting vector identified in operator console,Unsanitized HTML payload containing JavaScript tags blocked at gateway,2026-07-25T00:54:00+05:30,2026-07-25T01:18:00+05:30,2026-07-25T02:11:00+05:30,RESOLVED,Firewall rule applied - traffic suppressed,R. Iyer
ALT-2700,CSE-02,EN-SCADA-02,CRITICAL,ddos,Volumetric traffic spike against signalling gateway,High-bandwidth NTP/DNS reflection flood impacting telemetry transmission,2026-07-29T12:46:00+05:30,2026-07-29T12:54:00+05:30,,ACKNOWLEDGED,,S. Verma
ALT-2701,CSE-04,EN-SCADA-01,MEDIUM,port-scan,SYN sweep detected across substation network segment,Half-open SYN packets rapidly received across 1-1024 port range,2026-07-19T09:13:00+05:30,,,OPEN,,
ALT-2702,CSE-01,PL-PLC-12,HIGH,exploit-attempt,Buffer overflow probe targeting legacy PLC firmware,Malicious byte sequence designed to trigger stack corruption detected,2026-07-15T08:29:00+05:30,,,OPEN,,
ALT-2703,CSE-05,TR-OPS-03,CRITICAL,ddos,SYN flood exhausting SCADA telecontrol interface,Inbound byte volume exceeded baseline by over 500%,2026-07-24T12:55:00+05:30,,,OPEN,,
ALT-2704,CSE-02,TR-OPS-03,MEDIUM,xss,Cross-site scripting vector identified in operator console,Web application firewall flagged embedded script tags in input fields,2026-07-15T18:03:00+05:30,2026-07-15T18:23:00+05:30,,IN_PROGRESS,,R. Iyer
ALT-2705,CSE-04,RTU-SUB-01,CRITICAL,brute-force,Multiple RDP failed logons on historian node,Burst of failed authentication handshakes targeting remote access console,2026-07-15T04:32:00+05:30,2026-07-15T04:36:00+05:30,,IN_PROGRESS,,A. Sharma
ALT-2706,CSE-02,,MEDIUM,port-scan,SYN sweep detected across substation network segment,Stealth FIN scan detected targeting SCADA network perimeter,2026-07-10T20:50:00+05:30,,,OPEN,,
ALT-2707,CSE-02,TR-OPS-03,HIGH,sql-injection,SQL syntax anomaly in historian web reporting interface,Time-delay SQL injection signature matched in asset query request,2026-08-06T11:22:00+05:30,2026-08-06T11:38:00+05:30,,IN_PROGRESS,,
ALT-2708,CSE-02,EN-SCADA-01,CRITICAL,c2,Beaconing traffic to known suspicious external IP,Command-and-control beacon signature matched in egress traffic,2026-07-09T22:22:00+05:30,2026-07-09T22:46:00+05:30,2026-07-10T06:35:00+05:30,RESOLVED,Compromised host isolated and imaged,S. Verma
ALT-2709,CSE-05,,MEDIUM,xss,Stored XSS pattern detected in system event log comments,Unsanitized HTML payload containing JavaScript tags blocked at gateway,2026-07-22T20:47:00+05:30,2026-07-22T20:57:00+05:30,2026-07-23T00:16:00+05:30,RESOLVED,Accounts locked - no compromise confirmed,K. Rao
ALT-2710,CSE-02,,HIGH,ddos,SYN flood exhausting SCADA telecontrol interface,Inbound byte volume exceeded baseline by over 500%,2026-08-06T04:08:00+05:30,2026-08-06T04:22:00+05:30,2026-08-06T08:02:00+05:30,CLOSED,Confirmed reconnaissance - source blocked,K. Rao
ALT-2711,CSE-03,RTU-SUB-01,HIGH,credential-stuffing,Automated credential replay attacking telemetry API,WAF detected bot-driven authentication cycling from rotating source IPs,2026-07-25T18:29:00+05:30,2026-07-25T18:47:00+05:30,,ACKNOWLEDGED,,
ALT-2712,CSE-04,TR-OPS-14,CRITICAL,ddos,UDP amplification traffic targeted at field network switch,High packet-per-second SYN burst causing connection pool exhaustion,2026-07-13T03:54:00+05:30,,,OPEN,,
ALT-2713,CSE-01,EN-SCADA-02,HIGH,sql-injection,Malformed query string on engineering portal,HTTP request to internal web portal contained SQL injection syntax,2026-07-13T00:10:00+05:30,2026-07-13T00:18:00+05:30,2026-07-13T02:36:00+05:30,RESOLVED,Accounts locked - no compromise confirmed,K. Rao
ALT-2714,CSE-07,GATEWAY-DMZ-01,HIGH,exploit-attempt,Remote code execution string identified in Modbus/TCP stream,Packet structure matched signature for CVE-2023 remote execution attempt,2026-07-19T18:48:00+05:30,,,OPEN,,
ALT-2715,CSE-05,EN-SCADA-04,MEDIUM,brute-force,Multiple RDP failed logons on historian node,High rate of NTLM login failures originating from untrusted subnet,2026-07-11T18:35:00+05:30,2026-07-11T18:57:00+05:30,2026-07-11T20:22:00+05:30,RESOLVED,Firewall rule applied - traffic suppressed,K. Rao
ALT-2716,CSE-07,,HIGH,credential-stuffing,High-volume login attempts using leaked credentials,WAF detected bot-driven authentication cycling from rotating source IPs,2026-07-20T05:35:00+05:30,2026-07-20T05:38:00+05:30,2026-07-20T07:32:00+05:30,CLOSED,False positive - verified scheduled maintenance,R. Iyer
ALT-2717,CSE-02,TR-OPS-03,MEDIUM,port-scan,Distributed reconnaissance probing OT gateway,Half-open SYN packets rapidly received across 1-1024 port range,2026-07-16T18:11:00+05:30,2026-07-16T18:29:00+05:30,,ACKNOWLEDGED,,
ALT-2718,CSE-02,PL-PLC-09,CRITICAL,c2,Encrypted reverse shell communication from maintenance workstation,Persistent TLS session established to unclassified external endpoint,2026-07-24T10:14:00+05:30,2026-07-24T10:38:00+05:30,2026-07-24T18:16:00+05:30,RESOLVED,Accounts locked - no compromise confirmed,A. Sharma
ALT-2719,CSE-02,GATEWAY-DMZ-01,HIGH,credential-stuffing,Automated credential replay attacking telemetry API,WAF detected bot-driven authentication cycling from rotating source IPs,2026-07-28T07:08:00+05:30,2026-07-28T07:20:00+05:30,,IN_PROGRESS,,K. Rao
ALT-2720,CSE-03,ENG-WRK-07,CRITICAL,c2,Periodic outbound telemetry to unverified DNS domain,Persistent TLS session established to unclassified external endpoint,2026-07-22T20:32:00+05:30,2026-07-22T20:41:00+05:30,2026-07-23T00:56:00+05:30,CLOSED,Source IP null-routed at edge firewall,K. Rao
ALT-2721,CSE-07,RTU-SUB-05,CRITICAL,credential-stuffing,Distributed account takeover attempts across operator accounts,Automated login attempts observed across multiple accounts,2026-07-09T17:06:00+05:30,2026-07-09T17:27:00+05:30,,IN_PROGRESS,,R. Iyer
ALT-2722,CSE-05,TR-OPS-14,CRITICAL,ddos,Volumetric traffic spike against signalling gateway,Inbound byte volume exceeded baseline by over 500%,2026-07-22T11:12:00+05:30,,,OPEN,,
ALT-2723,CSE-07,RTU-SUB-05,HIGH,sql-injection,SQL syntax anomaly in historian web reporting interface,Union-based SELECT payload identified in user parameter field,2026-07-15T05:45:00+05:30,2026-07-15T05:55:00+05:30,,ACKNOWLEDGED,,S. Verma
ALT-2724,CSE-05,RTU-SUB-01,MEDIUM,xss,Cross-site scripting vector identified in operator console,Web application firewall flagged embedded script tags in input fields,2026-08-03T02:22:00+05:30,2026-08-03T02:42:00+05:30,2026-08-03T06:49:00+05:30,RESOLVED,Compromised host isolated and imaged,R. Iyer
ALT-2725,CSE-07,ENG-WRK-02,HIGH,exploit-attempt,Remote code execution string identified in Modbus/TCP stream,Packet structure matched signature for CVE-2023 remote execution attempt,2026-08-03T08:38:00+05:30,,,OPEN,,
ALT-2726,CSE-03,EN-SCADA-02,CRITICAL,c2,Beaconing traffic to known suspicious external IP,Command-and-control beacon signature matched in egress traffic,2026-07-23T23:16:00+05:30,2026-07-23T23:31:00+05:30,2026-07-24T02:04:00+05:30,RESOLVED,Accounts locked - no compromise confirmed,
ALT-2727,CSE-07,EN-SCADA-01,CRITICAL,c2,Encrypted reverse shell communication from maintenance workstation,Periodic low-volume outbound connections at fixed intervals,2026-07-22T16:01:00+05:30,2026-07-22T16:21:00+05:30,2026-07-22T19:19:00+05:30,CLOSED,False positive - verified scheduled maintenance,K. Rao
ALT-2728,CSE-07,RTU-SUB-01,HIGH,sql-injection,Blind SQL injection heuristic triggered on API gateway,Union-based SELECT payload identified in user parameter field,2026-07-28T09:58:00+05:30,2026-07-28T10:18:00+05:30,2026-07-28T19:19:00+05:30,CLOSED,Confirmed reconnaissance - source blocked,A. Sharma
ALT-2729,CSE-04,HIST-SRV-01,CRITICAL,c2,Periodic outbound telemetry to unverified DNS domain,Periodic low-volume outbound connections at fixed intervals,2026-07-29T19:00:00+05:30,2026-07-29T19:25:00+05:30,2026-07-29T20:35:00+05:30,CLOSED,Source IP null-routed at edge firewall,S. Verma
ALT-2730,CSE-01,GATEWAY-DMZ-01,CRITICAL,c2,Beaconing traffic to known suspicious external IP,Periodic low-volume outbound connections at fixed intervals,2026-07-30T00:32:00+05:30,2026-07-30T00:40:00+05:30,2026-07-30T09:36:00+05:30,CLOSED,Source IP null-routed at edge firewall,
ALT-2731,CSE-05,PL-PLC-12,MEDIUM,xss,Cross-site scripting vector identified in operator console,Unsanitized HTML payload containing JavaScript tags blocked at gateway,2026-07-22T20:30:00+05:30,2026-07-22T20:34:00+05:30,2026-07-22T23:10:00+05:30,CLOSED,Source IP null-routed at edge firewall,P. Nair
ALT-2732,CSE-03,ENG-WRK-07,MEDIUM,xss,Stored XSS pattern detected in system event log comments,Reflected DOM manipulation attempt flagged in HTTP GET request,2026-07-09T05:41:00+05:30,2026-07-09T05:48:00+05:30,,IN_PROGRESS,,S. Verma
ALT-2733,CSE-05,,HIGH,sql-injection,Malformed query string on engineering portal,HTTP request to internal web portal contained SQL injection syntax,2026-07-25T03:33:00+05:30,2026-07-25T03:58:00+05:30,,ACKNOWLEDGED,,R. Iyer
ALT-2734,CSE-01,EN-SCADA-02,MEDIUM,xss,Cross-site scripting vector identified in operator console,Web application firewall flagged embedded script tags in input fields,2026-07-23T18:11:00+05:30,,,OPEN,,
ALT-2735,CSE-04,EN-SCADA-01,HIGH,credential-stuffing,Automated credential replay attacking telemetry API,Automated login attempts observed across multiple accounts,2026-07-17T09:51:00+05:30,2026-07-17T10:09:00+05:30,2026-07-17T15:00:00+05:30,CLOSED,Source IP null-routed at edge firewall,K. Rao
ALT-2736,CSE-07,TR-OPS-14,HIGH,brute-force,Multiple RDP failed logons on historian node,Burst of failed authentication handshakes targeting remote access console,2026-07-10T02:44:00+05:30,2026-07-10T02:51:00+05:30,,IN_PROGRESS,,R. Iyer
ALT-2737,CSE-03,PL-PLC-12,CRITICAL,ddos,UDP amplification traffic targeted at field network switch,Inbound byte volume exceeded baseline by over 500%,2026-07-11T03:59:00+05:30,2026-07-11T04:22:00+05:30,2026-07-11T09:21:00+05:30,RESOLVED,Compromised host isolated and imaged,
ALT-2738,CSE-03,TR-OPS-03,HIGH,brute-force,Multiple RDP failed logons on historian node,High rate of NTLM login failures originating from untrusted subnet,2026-07-18T15:44:00+05:30,2026-07-18T16:02:00+05:30,2026-07-18T18:10:00+05:30,RESOLVED,Firewall rule applied - traffic suppressed,P. Nair
ALT-2739,CSE-05,EN-SCADA-04,HIGH,sql-injection,SQL syntax anomaly in historian web reporting interface,Time-delay SQL injection signature matched in asset query request,2026-07-09T02:43:00+05:30,,,OPEN,,K. Rao
ALT-2740,CSE-03,ENG-WRK-02,HIGH,exploit-attempt,Exploit payload targeting known CVE on exposed service,Traffic contained a known exploit signature targeting unpatched software,2026-07-23T22:01:00+05:30,2026-07-23T22:14:00+05:30,,IN_PROGRESS,,
ALT-2741,CSE-03,RTU-SUB-01,HIGH,ddos,SYN flood exhausting SCADA telecontrol interface,Inbound byte volume exceeded baseline by over 500%,2026-08-02T09:23:00+05:30,2026-08-02T09:32:00+05:30,,IN_PROGRESS,,A. Sharma
ALT-2742,CSE-03,GATEWAY-DMZ-01,HIGH,sql-injection,SQL syntax anomaly in historian web reporting interface,Time-delay SQL injection signature matched in asset query request,2026-08-05T00:12:00+05:30,2026-08-05T00:27:00+05:30,,ACKNOWLEDGED,,A. Sharma
ALT-2743,CSE-05,TR-OPS-14,HIGH,c2,Periodic outbound telemetry to unverified DNS domain,Persistent TLS session established to unclassified external endpoint,2026-07-14T03:10:00+05:30,2026-07-14T03:32:00+05:30,,ACKNOWLEDGED,,A. Sharma
ALT-2744,CSE-05,PL-PLC-12,HIGH,sql-injection,Blind SQL injection heuristic triggered on API gateway,Time-delay SQL injection signature matched in asset query request,2026-07-14T06:58:00+05:30,2026-07-14T07:04:00+05:30,2026-07-14T10:24:00+05:30,RESOLVED,Firewall rule applied - traffic suppressed,R. Iyer
ALT-2745,CSE-05,TR-OPS-03,HIGH,sql-injection,Malformed query string on engineering portal,Time-delay SQL injection signature matched in asset query request,2026-07-09T11:27:00+05:30,2026-07-09T11:42:00+05:30,,IN_PROGRESS,,P. Nair
ALT-2746,CSE-03,,CRITICAL,ddos,Volumetric traffic spike against signalling gateway,Inbound byte volume exceeded baseline by over 500%,2026-07-14T02:55:00+05:30,2026-07-14T02:57:00+05:30,,ACKNOWLEDGED,,K. Rao
ALT-2747,CSE-05,RTU-SUB-05,MEDIUM,xss,Suspicious script payload in web form submission,Reflected DOM manipulation attempt flagged in HTTP GET request,2026-07-09T07:44:00+05:30,2026-07-09T07:48:00+05:30,,IN_PROGRESS,,
ALT-2748,CSE-04,TR-OPS-14,HIGH,exploit-attempt,Buffer overflow probe targeting legacy PLC firmware,Traffic contained a known exploit signature targeting unpatched software,2026-07-25T18:27:00+05:30,2026-07-25T18:44:00+05:30,2026-07-25T21:32:00+05:30,RESOLVED,Accounts locked - no compromise confirmed,A. Sharma
ALT-2749,CSE-02,EN-SCADA-02,CRITICAL,c2,Beaconing traffic to known suspicious external IP,Command-and-control beacon signature matched in egress traffic,2026-07-26T22:24:00+05:30,2026-07-26T22:49:00+05:30,,ACKNOWLEDGED,,
ALT-2750,CSE-02,PL-PLC-12,MEDIUM,port-scan,SYN sweep detected across substation network segment,Stealth FIN scan detected targeting SCADA network perimeter,2026-07-30T10:23:00+05:30,2026-07-30T10:39:00+05:30,,IN_PROGRESS,,A. Sharma
ALT-2751,CSE-04,GATEWAY-DMZ-01,HIGH,brute-force,SSH credential brute force against engineering server,Burst of failed authentication handshakes targeting remote access console,2026-07-22T09:01:00+05:30,2026-07-22T09:22:00+05:30,2026-07-22T18:55:00+05:30,RESOLVED,Compromised host isolated and imaged,
ALT-2752,CSE-07,EN-SCADA-02,MEDIUM,port-scan,Sequential port scan against historian server,Sequential low-byte TCP connections observed across multiple ports,2026-07-31T17:48:00+05:30,2026-07-31T18:02:00+05:30,2026-07-31T19:13:00+05:30,CLOSED,Source IP null-routed at edge firewall,K. Rao
ALT-2753,CSE-07,EN-SCADA-02,MEDIUM,xss,Cross-site scripting vector identified in operator console,Unsanitized HTML payload containing JavaScript tags blocked at gateway,2026-07-21T03:32:00+05:30,2026-07-21T03:39:00+05:30,2026-07-21T11:29:00+05:30,RESOLVED,Firewall rule applied - traffic suppressed,K. Rao
ALT-2754,CSE-01,TR-OPS-14,CRITICAL,exploit-attempt,Exploit payload targeting known CVE on exposed service,Packet structure matched signature for CVE-2023 remote execution attempt,2026-07-30T22:06:00+05:30,,,OPEN,,K. Rao
ALT-2755,CSE-07,TR-OPS-14,CRITICAL,c2,Periodic outbound telemetry to unverified DNS domain,Periodic low-volume outbound connections at fixed intervals,2026-07-16T06:37:00+05:30,2026-07-16T06:57:00+05:30,2026-07-16T10:48:00+05:30,RESOLVED,Firewall rule applied - traffic suppressed,R. Iyer
ALT-2756,CSE-03,ENG-WRK-02,HIGH,sql-injection,Malformed query string on engineering portal,HTTP request to internal web portal contained SQL injection syntax,2026-07-13T07:56:00+05:30,2026-07-13T08:18:00+05:30,2026-07-13T14:52:00+05:30,RESOLVED,Accounts locked - no compromise confirmed,K. Rao
ALT-2757,CSE-07,GATEWAY-DMZ-01,HIGH,sql-injection,SQL syntax anomaly in historian web reporting interface,HTTP request to internal web portal contained SQL injection syntax,2026-07-15T21:54:00+05:30,2026-07-15T22:14:00+05:30,,IN_PROGRESS,,
ALT-2758,CSE-02,PL-PLC-09,HIGH,sql-injection,Blind SQL injection heuristic triggered on API gateway,HTTP request to internal web portal contained SQL injection syntax,2026-07-27T05:32:00+05:30,2026-07-27T05:43:00+05:30,,IN_PROGRESS,,
ALT-2759,CSE-04,HIST-SRV-01,HIGH,sql-injection,Malformed query string on engineering portal,HTTP request to internal web portal contained SQL injection syntax,2026-07-08T07:06:00+05:30,2026-07-08T07:16:00+05:30,2026-07-08T08:03:00+05:30,CLOSED,Source IP null-routed at edge firewall,P. Nair
ALT-2760,CSE-04,EN-SCADA-01,HIGH,exploit-attempt,Remote code execution string identified in Modbus/TCP stream,Packet structure matched signature for CVE-2023 remote execution attempt,2026-07-29T18:51:00+05:30,2026-07-29T19:06:00+05:30,2026-07-30T03:08:00+05:30,RESOLVED,Accounts locked - no compromise confirmed,K. Rao
ALT-2761,CSE-05,EN-SCADA-01,HIGH,xss,Stored XSS pattern detected in system event log comments,Reflected DOM manipulation attempt flagged in HTTP GET request,2026-08-02T12:14:00+05:30,2026-08-02T12:17:00+05:30,,ACKNOWLEDGED,,A. Sharma
ALT-2762,CSE-02,EN-SCADA-02,HIGH,credential-stuffing,High-volume login attempts using leaked credentials,WAF detected bot-driven authentication cycling from rotating source IPs,2026-08-03T10:40:00+05:30,2026-08-03T10:51:00+05:30,2026-08-03T17:04:00+05:30,CLOSED,Confirmed reconnaissance - source blocked,R. Iyer
ALT-2763,CSE-01,,HIGH,sql-injection,SQL syntax anomaly in historian web reporting interface,Time-delay SQL injection signature matched in asset query request,2026-08-04T05:06:00+05:30,2026-08-04T05:25:00+05:30,2026-08-04T08:52:00+05:30,CLOSED,Source IP null-routed at edge firewall,
ALT-2764,CSE-05,ENG-WRK-07,HIGH,brute-force,SSH credential brute force against engineering server,High rate of NTLM login failures originating from untrusted subnet,2026-07-24T21:49:00+05:30,2026-07-24T21:53:00+05:30,2026-07-25T05:51:00+05:30,RESOLVED,Compromised host isolated and imaged,R. Iyer
ALT-2765,CSE-03,,HIGH,sql-injection,SQL syntax anomaly in historian web reporting interface,Union-based SELECT payload identified in user parameter field,2026-08-01T02:55:00+05:30,2026-08-01T03:13:00+05:30,2026-08-01T07:14:00+05:30,RESOLVED,Compromised host isolated and imaged,A. Sharma
ALT-2766,CSE-05,EN-SCADA-02,MEDIUM,port-scan,Distributed reconnaissance probing OT gateway,Stealth FIN scan detected targeting SCADA network perimeter,2026-07-12T03:00:00+05:30,2026-07-12T03:25:00+05:30,2026-07-12T08:39:00+05:30,RESOLVED,Firewall rule applied - traffic suppressed,K. Rao
ALT-2767,CSE-03,RTU-SUB-05,CRITICAL,credential-stuffing,Automated credential replay attacking telemetry API,WAF detected bot-driven authentication cycling from rotating source IPs,2026-08-05T21:24:00+05:30,2026-08-05T21:41:00+05:30,2026-08-06T01:13:00+05:30,RESOLVED,Compromised host isolated and imaged,A. Sharma
ALT-2768,CSE-07,HIST-SRV-01,MEDIUM,xss,Suspicious script payload in web form submission,Unsanitized HTML payload containing JavaScript tags blocked at gateway,2026-08-05T14:25:00+05:30,,,OPEN,,
ALT-2769,CSE-02,,CRITICAL,c2,Periodic outbound telemetry to unverified DNS domain,Persistent TLS session established to unclassified external endpoint,2026-08-06T03:34:00+05:30,2026-08-06T03:36:00+05:30,,ACKNOWLEDGED,,
ALT-2770,CSE-02,HIST-SRV-01,CRITICAL,ddos,SYN flood exhausting SCADA telecontrol interface,High packet-per-second SYN burst causing connection pool exhaustion,2026-07-31T04:41:00+05:30,2026-07-31T04:53:00+05:30,2026-07-31T05:32:00+05:30,CLOSED,Confirmed reconnaissance - source blocked,
ALT-2771,CSE-03,ENG-WRK-02,CRITICAL,c2,Encrypted reverse shell communication from maintenance workstation,Periodic low-volume outbound connections at fixed intervals,2026-07-16T03:05:00+05:30,2026-07-16T03:17:00+05:30,,ACKNOWLEDGED,,S. Verma
ALT-2772,CSE-07,,HIGH,exploit-attempt,Remote code execution string identified in Modbus/TCP stream,Traffic contained a known exploit signature targeting unpatched software,2026-07-30T01:10:00+05:30,2026-07-30T01:32:00+05:30,,ACKNOWLEDGED,,P. Nair
ALT-2773,CSE-05,ENG-WRK-02,HIGH,exploit-attempt,Buffer overflow probe targeting legacy PLC firmware,Packet structure matched signature for CVE-2023 remote execution attempt,2026-07-10T16:26:00+05:30,2026-07-10T16:37:00+05:30,2026-07-10T22:34:00+05:30,CLOSED,Confirmed reconnaissance - source blocked,A. Sharma
ALT-2774,CSE-05,ENG-WRK-02,HIGH,credential-stuffing,High-volume login attempts using leaked credentials,Coordinated brute-force replay utilizing breached username/password pairs,2026-07-09T13:17:00+05:30,2026-07-09T13:31:00+05:30,,IN_PROGRESS,,
ALT-2775,CSE-05,PL-PLC-09,CRITICAL,c2,Beaconing traffic to known suspicious external IP,Command-and-control beacon signature matched in egress traffic,2026-07-22T10:46:00+05:30,,,OPEN,,R. Iyer
ALT-2776,CSE-04,RTU-SUB-01,HIGH,credential-stuffing,Distributed account takeover attempts across operator accounts,Automated login attempts observed across multiple accounts,2026-08-01T00:47:00+05:30,2026-08-01T00:54:00+05:30,,IN_PROGRESS,,R. Iyer
ALT-2777,CSE-03,EN-SCADA-02,CRITICAL,xss,Stored XSS pattern detected in system event log comments,Web application firewall flagged embedded script tags in input fields,2026-07-30T02:26:00+05:30,2026-07-30T02:32:00+05:30,2026-07-30T06:25:00+05:30,CLOSED,False positive - verified scheduled maintenance,P. Nair
ALT-2778,CSE-07,HIST-SRV-01,HIGH,credential-stuffing,High-volume login attempts using leaked credentials,WAF detected bot-driven authentication cycling from rotating source IPs,2026-07-14T04:12:00+05:30,2026-07-14T04:37:00+05:30,,ACKNOWLEDGED,,R. Iyer
ALT-2779,CSE-04,GATEWAY-DMZ-01,MEDIUM,port-scan,Sequential port scan against historian server,Stealth FIN scan detected targeting SCADA network perimeter,2026-08-04T04:22:00+05:30,,,OPEN,,
ALT-2780,CSE-01,TR-OPS-03,CRITICAL,ddos,SYN flood exhausting SCADA telecontrol interface,High-bandwidth NTP/DNS reflection flood impacting telemetry transmission,2026-07-17T16:27:00+05:30,2026-07-17T16:35:00+05:30,,IN_PROGRESS,,A. Sharma
ALT-2781,CSE-03,RTU-SUB-05,HIGH,credential-stuffing,Automated credential replay attacking telemetry API,Automated login attempts observed across multiple accounts,2026-07-20T13:03:00+05:30,2026-07-20T13:10:00+05:30,,ACKNOWLEDGED,,S. Verma
ALT-2782,CSE-01,EN-SCADA-01,MEDIUM,port-scan,SYN sweep detected across substation network segment,Stealth FIN scan detected targeting SCADA network perimeter,2026-07-22T15:07:00+05:30,2026-07-22T15:13:00+05:30,,IN_PROGRESS,,
ALT-2783,CSE-03,RTU-SUB-01,HIGH,sql-injection,Blind SQL injection heuristic triggered on API gateway,Union-based SELECT payload identified in user parameter field,2026-08-01T17:42:00+05:30,2026-08-01T17:45:00+05:30,2026-08-01T20:40:00+05:30,RESOLVED,Accounts locked - no compromise confirmed,P. Nair
ALT-2784,CSE-07,EN-SCADA-02,MEDIUM,port-scan,Sequential port scan against historian server,Half-open SYN packets rapidly received across 1-1024 port range,2026-07-25T23:19:00+05:30,2026-07-25T23:43:00+05:30,,ACKNOWLEDGED,,K. Rao
ALT-2785,CSE-05,,HIGH,credential-stuffing,High-volume login attempts using leaked credentials,WAF detected bot-driven authentication cycling from rotating source IPs,2026-08-01T09:57:00+05:30,,,OPEN,,
ALT-2786,CSE-04,TR-OPS-14,CRITICAL,port-scan,Sequential port scan against historian server,Half-open SYN packets rapidly received across 1-1024 port range,2026-07-22T06:16:00+05:30,2026-07-22T06:33:00+05:30,2026-07-22T10:58:00+05:30,RESOLVED,Accounts locked - no compromise confirmed,A. Sharma
ALT-2787,CSE-05,RTU-SUB-05,HIGH,credential-stuffing,Automated credential replay attacking telemetry API,WAF detected bot-driven authentication cycling from rotating source IPs,2026-07-23T04:03:00+05:30,2026-07-23T04:19:00+05:30,,IN_PROGRESS,,P. Nair
ALT-2788,CSE-01,EN-SCADA-04,HIGH,exploit-attempt,Buffer overflow probe targeting legacy PLC firmware,Malicious byte sequence designed to trigger stack corruption detected,2026-07-15T21:48:00+05:30,2026-07-15T22:01:00+05:30,,IN_PROGRESS,,K. Rao
ALT-2789,CSE-05,TR-OPS-14,MEDIUM,port-scan,Distributed reconnaissance probing OT gateway,Sequential low-byte TCP connections observed across multiple ports,2026-07-22T23:11:00+05:30,2026-07-22T23:33:00+05:30,2026-07-23T01:08:00+05:30,CLOSED,False positive - verified scheduled maintenance,K. Rao
ALT-2790,CSE-04,GATEWAY-DMZ-01,CRITICAL,c2,Beaconing traffic to known suspicious external IP,Persistent TLS session established to unclassified external endpoint,2026-07-15T08:56:00+05:30,2026-07-15T09:10:00+05:30,2026-07-15T10:48:00+05:30,RESOLVED,Firewall rule applied - traffic suppressed,A. Sharma
ALT-2791,CSE-07,,CRITICAL,c2,Periodic outbound telemetry to unverified DNS domain,Persistent TLS session established to unclassified external endpoint,2026-07-18T21:11:00+05:30,2026-07-18T21:34:00+05:30,,ACKNOWLEDGED,,
ALT-2792,CSE-01,,MEDIUM,port-scan,SYN sweep detected across substation network segment,Half-open SYN packets rapidly received across 1-1024 port range,2026-08-02T09:33:00+05:30,,,OPEN,,
ALT-2793,CSE-02,HIST-SRV-01,CRITICAL,c2,Beaconing traffic to known suspicious external IP,Persistent TLS session established to unclassified external endpoint,2026-08-04T06:41:00+05:30,2026-08-04T06:53:00+05:30,2026-08-04T15:52:00+05:30,RESOLVED,Compromised host isolated and imaged,
ALT-2794,CSE-01,EN-SCADA-04,LOW,xss,Suspicious script payload in web form submission,Reflected DOM manipulation attempt flagged in HTTP GET request,2026-07-14T22:14:00+05:30,2026-07-14T22:33:00+05:30,2026-07-15T03:57:00+05:30,RESOLVED,Firewall rule applied - traffic suppressed,K. Rao
ALT-2795,CSE-05,,MEDIUM,xss,Cross-site scripting vector identified in operator console,Unsanitized HTML payload containing JavaScript tags blocked at gateway,2026-08-03T02:08:00+05:30,2026-08-03T02:23:00+05:30,,IN_PROGRESS,,
ALT-2796,CSE-03,EN-SCADA-04,HIGH,brute-force,Multiple RDP failed logons on historian node,High rate of NTLM login failures originating from untrusted subnet,2026-07-13T22:34:00+05:30,2026-07-13T22:37:00+05:30,,IN_PROGRESS,,S. Verma
ALT-2797,CSE-05,EN-SCADA-02,HIGH,brute-force,SSH credential brute force against engineering server,TCP traffic on port 22 showed 40+ failed auth attempts within 60s,2026-07-20T23:29:00+05:30,,,OPEN,,
ALT-2798,CSE-05,GATEWAY-DMZ-01,HIGH,credential-stuffing,Distributed account takeover attempts across operator accounts,Coordinated brute-force replay utilizing breached username/password pairs,2026-07-27T22:35:00+05:30,2026-07-27T22:43:00+05:30,2026-07-28T02:17:00+05:30,CLOSED,Source IP null-routed at edge firewall,A. Sharma
ALT-2799,CSE-02,GATEWAY-DMZ-01,MEDIUM,credential-stuffing,Distributed account takeover attempts across operator accounts,WAF detected bot-driven authentication cycling from rotating source IPs,2026-07-13T20:22:00+05:30,2026-07-13T20:24:00+05:30,,ACKNOWLEDGED,,R. Iyer
ALT-2800,CSE-07,EN-SCADA-01,HIGH,sql-injection,SQL syntax anomaly in historian web reporting interface,Time-delay SQL injection signature matched in asset query request,2026-07-28T00:16:00+05:30,2026-07-28T00:20:00+05:30,,ACKNOWLEDGED,,A. Sharma
ALT-2801,CSE-07,,CRITICAL,exploit-attempt,Remote code execution string identified in Modbus/TCP stream,Traffic contained a known exploit signature targeting unpatched software,2026-07-28T19:34:00+05:30,2026-07-28T19:49:00+05:30,2026-07-29T03:59:00+05:30,CLOSED,Source IP null-routed at edge firewall,S. Verma
ALT-2802,CSE-02,PL-PLC-09,CRITICAL,c2,Encrypted reverse shell communication from maintenance workstation,Command-and-control beacon signature matched in egress traffic,2026-07-18T21:50:00+05:30,2026-07-18T22:00:00+05:30,2026-07-19T05:35:00+05:30,CLOSED,False positive - verified scheduled maintenance,R. Iyer
ALT-2803,CSE-01,,HIGH,credential-stuffing,Distributed account takeover attempts across operator accounts,WAF detected bot-driven authentication cycling from rotating source IPs,2026-07-11T18:42:00+05:30,2026-07-11T19:07:00+05:30,,ACKNOWLEDGED,,
ALT-2804,CSE-05,RTU-SUB-05,HIGH,exploit-attempt,Remote code execution string identified in Modbus/TCP stream,Packet structure matched signature for CVE-2023 remote execution attempt,2026-07-12T03:51:00+05:30,2026-07-12T04:08:00+05:30,,ACKNOWLEDGED,,
ALT-2805,CSE-07,EN-SCADA-04,CRITICAL,ddos,SYN flood exhausting SCADA telecontrol interface,High-bandwidth NTP/DNS reflection flood impacting telemetry transmission,2026-07-08T15:01:00+05:30,2026-07-08T15:17:00+05:30,2026-07-09T00:30:00+05:30,RESOLVED,Firewall rule applied - traffic suppressed,K. Rao
ALT-2806,CSE-07,ENG-WRK-02,CRITICAL,c2,Periodic outbound telemetry to unverified DNS domain,Command-and-control beacon signature matched in egress traffic,2026-07-15T18:12:00+05:30,,,OPEN,,
ALT-2807,CSE-05,HIST-SRV-01,CRITICAL,ddos,SYN flood exhausting SCADA telecontrol interface,High-bandwidth NTP/DNS reflection flood impacting telemetry transmission,2026-07-15T19:55:00+05:30,2026-07-15T19:58:00+05:30,2026-07-16T01:38:00+05:30,CLOSED,Confirmed reconnaissance - source blocked,S. Verma
ALT-2808,CSE-04,EN-SCADA-04,HIGH,sql-injection,SQL syntax anomaly in historian web reporting interface,Union-based SELECT payload identified in user parameter field,2026-07-14T04:01:00+05:30,2026-07-14T04:11:00+05:30,2026-07-14T09:27:00+05:30,CLOSED,False positive - verified scheduled maintenance,R. Iyer
ALT-2809,CSE-07,TR-OPS-03,MEDIUM,sql-injection,Blind SQL injection heuristic triggered on API gateway,Union-based SELECT payload identified in user parameter field,2026-07-24T23:08:00+05:30,2026-07-24T23:18:00+05:30,,ACKNOWLEDGED,,
ALT-2810,CSE-02,,HIGH,sql-injection,Malformed query string on engineering portal,Union-based SELECT payload identified in user parameter field,2026-07-11T23:26:00+05:30,2026-07-11T23:47:00+05:30,,ACKNOWLEDGED,,A. Sharma
ALT-2811,CSE-04,,CRITICAL,c2,Periodic outbound telemetry to unverified DNS domain,Persistent TLS session established to unclassified external endpoint,2026-08-06T03:39:00+05:30,2026-08-06T03:47:00+05:30,,ACKNOWLEDGED,,K. Rao
ALT-2812,CSE-07,ENG-WRK-07,HIGH,brute-force,Repeated authentication failures on SCADA gateway,TCP traffic on port 22 showed 40+ failed auth attempts within 60s,2026-07-15T18:18:00+05:30,2026-07-15T18:32:00+05:30,2026-07-16T03:10:00+05:30,RESOLVED,Firewall rule applied - traffic suppressed,P. Nair
ALT-2813,CSE-07,RTU-SUB-01,CRITICAL,c2,Periodic outbound telemetry to unverified DNS domain,Command-and-control beacon signature matched in egress traffic,2026-07-20T02:06:00+05:30,2026-07-20T02:24:00+05:30,,ACKNOWLEDGED,,P. Nair
ALT-2814,CSE-01,HIST-SRV-01,HIGH,exploit-attempt,Buffer overflow probe targeting legacy PLC firmware,Packet structure matched signature for CVE-2023 remote execution attempt,2026-07-10T00:03:00+05:30,,,OPEN,,
ALT-2815,CSE-07,ENG-WRK-07,CRITICAL,c2,Encrypted reverse shell communication from maintenance workstation,Command-and-control beacon signature matched in egress traffic,2026-07-23T09:07:00+05:30,2026-07-23T09:17:00+05:30,,IN_PROGRESS,,R. Iyer
ALT-2816,CSE-03,GATEWAY-DMZ-01,HIGH,exploit-attempt,Remote code execution string identified in Modbus/TCP stream,Traffic contained a known exploit signature targeting unpatched software,2026-08-03T22:17:00+05:30,2026-08-03T22:35:00+05:30,,ACKNOWLEDGED,,S. Verma
ALT-2817,CSE-07,PL-PLC-09,HIGH,credential-stuffing,Automated credential replay attacking telemetry API,Automated login attempts observed across multiple accounts,2026-07-11T05:28:00+05:30,,,OPEN,,
ALT-2818,CSE-05,TR-OPS-03,HIGH,exploit-attempt,Remote code execution string identified in Modbus/TCP stream,Malicious byte sequence designed to trigger stack corruption detected,2026-07-19T14:23:00+05:30,2026-07-19T14:26:00+05:30,,ACKNOWLEDGED,,R. Iyer
ALT-2819,CSE-05,EN-SCADA-04,MEDIUM,brute-force,Multiple RDP failed logons on historian node,Burst of failed authentication handshakes targeting remote access console,2026-07-13T16:16:00+05:30,,,OPEN,,K. Rao
ALT-2820,CSE-02,GATEWAY-DMZ-01,MEDIUM,sql-injection,SQL syntax anomaly in historian web reporting interface,Union-based SELECT payload identified in user parameter field,2026-07-29T09:17:00+05:30,,,OPEN,,
ALT-2821,CSE-03,,HIGH,credential-stuffing,High-volume login attempts using leaked credentials,Coordinated brute-force replay utilizing breached username/password pairs,2026-07-10T23:23:00+05:30,2026-07-10T23:37:00+05:30,2026-07-11T05:48:00+05:30,RESOLVED,Accounts locked - no compromise confirmed,S. Verma
ALT-2822,CSE-03,PL-PLC-09,HIGH,exploit-attempt,Exploit payload targeting known CVE on exposed service,Packet structure matched signature for CVE-2023 remote execution attempt,2026-07-26T00:06:00+05:30,2026-07-26T00:28:00+05:30,,ACKNOWLEDGED,,P. Nair
ALT-2823,CSE-01,TR-OPS-14,CRITICAL,c2,Encrypted reverse shell communication from maintenance workstation,Periodic low-volume outbound connections at fixed intervals,2026-07-28T05:34:00+05:30,2026-07-28T05:39:00+05:30,,IN_PROGRESS,,R. Iyer
ALT-2824,CSE-01,EN-SCADA-04,CRITICAL,ddos,Volumetric traffic spike against signalling gateway,High packet-per-second SYN burst causing connection pool exhaustion,2026-07-14T21:50:00+05:30,,,OPEN,,
ALT-2825,CSE-07,GATEWAY-DMZ-01,CRITICAL,ddos,SYN flood exhausting SCADA telecontrol interface,High packet-per-second SYN burst causing connection pool exhaustion,2026-08-03T06:54:00+05:30,,,OPEN,,
ALT-2826,CSE-04,,CRITICAL,c2,Encrypted reverse shell communication from maintenance workstation,Periodic low-volume outbound connections at fixed intervals,2026-08-01T17:12:00+05:30,2026-08-01T17:14:00+05:30,,ACKNOWLEDGED,,P. Nair
ALT-2827,CSE-07,,MEDIUM,port-scan,SYN sweep detected across substation network segment,Half-open SYN packets rapidly received across 1-1024 port range,2026-07-21T22:01:00+05:30,2026-07-21T22:04:00+05:30,2026-07-22T00:18:00+05:30,RESOLVED,Firewall rule applied - traffic suppressed,K. Rao
ALT-2828,CSE-03,EN-SCADA-04,HIGH,exploit-attempt,Buffer overflow probe targeting legacy PLC firmware,Packet structure matched signature for CVE-2023 remote execution attempt,2026-07-17T09:06:00+05:30,2026-07-17T09:25:00+05:30,,ACKNOWLEDGED,,R. Iyer
ALT-2829,CSE-04,PL-PLC-12,CRITICAL,ddos,Volumetric traffic spike against signalling gateway,High-bandwidth NTP/DNS reflection flood impacting telemetry transmission,2026-07-24T11:39:00+05:30,2026-07-24T11:43:00+05:30,2026-07-24T19:52:00+05:30,RESOLVED,Compromised host isolated and imaged,A. Sharma
ALT-2830,CSE-02,EN-SCADA-02,MEDIUM,xss,Stored XSS pattern detected in system event log comments,Web application firewall flagged embedded script tags in input fields,2026-07-30T09:37:00+05:30,2026-07-30T09:41:00+05:30,2026-07-30T19:35:00+05:30,RESOLVED,Compromised host isolated and imaged,S. Verma
ALT-2831,CSE-04,,HIGH,brute-force,Repeated authentication failures on SCADA gateway,High rate of NTLM login failures originating from untrusted subnet,2026-07-10T02:00:00+05:30,2026-07-10T02:05:00+05:30,2026-07-10T06:21:00+05:30,RESOLVED,Compromised host isolated and imaged,
ALT-2832,CSE-05,,HIGH,sql-injection,Malformed query string on engineering portal,HTTP request to internal web portal contained SQL injection syntax,2026-07-09T19:31:00+05:30,2026-07-09T19:48:00+05:30,,ACKNOWLEDGED,,
ALT-2833,CSE-01,,HIGH,brute-force,Multiple RDP failed logons on historian node,TCP traffic on port 22 showed 40+ failed auth attempts within 60s,2026-07-08T18:56:00+05:30,2026-07-08T19:18:00+05:30,,ACKNOWLEDGED,,R. Iyer
ALT-2834,CSE-03,TR-OPS-03,HIGH,exploit-attempt,Remote code execution string identified in Modbus/TCP stream,Traffic contained a known exploit signature targeting unpatched software,2026-07-12T23:23:00+05:30,,,OPEN,,
ALT-2835,CSE-05,RTU-SUB-01,CRITICAL,port-scan,SYN sweep detected across substation network segment,Stealth FIN scan detected targeting SCADA network perimeter,2026-07-26T10:21:00+05:30,2026-07-26T10:26:00+05:30,,IN_PROGRESS,,
ALT-2836,CSE-05,TR-OPS-14,MEDIUM,credential-stuffing,High-volume login attempts using leaked credentials,WAF detected bot-driven authentication cycling from rotating source IPs,2026-07-16T00:42:00+05:30,2026-07-16T00:46:00+05:30,,IN_PROGRESS,,R. Iyer
ALT-2837,CSE-03,TR-OPS-14,CRITICAL,c2,Periodic outbound telemetry to unverified DNS domain,Persistent TLS session established to unclassified external endpoint,2026-07-15T15:28:00+05:30,2026-07-15T15:37:00+05:30,2026-07-15T16:54:00+05:30,RESOLVED,Accounts locked - no compromise confirmed,R. Iyer
ALT-2838,CSE-07,GATEWAY-DMZ-01,HIGH,sql-injection,SQL syntax anomaly in historian web reporting interface,HTTP request to internal web portal contained SQL injection syntax,2026-07-08T10:11:00+05:30,,,OPEN,,R. Iyer
ALT-2839,CSE-07,HIST-SRV-01,CRITICAL,c2,Periodic outbound telemetry to unverified DNS domain,Persistent TLS session established to unclassified external endpoint,2026-07-13T21:51:00+05:30,2026-07-13T21:57:00+05:30,,ACKNOWLEDGED,,
ALT-2840,CSE-03,,CRITICAL,c2,Beaconing traffic to known suspicious external IP,Persistent TLS session established to unclassified external endpoint,2026-07-09T20:20:00+05:30,2026-07-09T20:27:00+05:30,2026-07-10T05:36:00+05:30,CLOSED,Confirmed reconnaissance - source blocked,
ALT-2841,CSE-03,ENG-WRK-07,CRITICAL,c2,Beaconing traffic to known suspicious external IP,Periodic low-volume outbound connections at fixed intervals,2026-07-13T11:35:00+05:30,2026-07-13T11:40:00+05:30,2026-07-13T18:30:00+05:30,CLOSED,Patched and verified,P. Nair
ALT-2842,CSE-07,PL-PLC-12,CRITICAL,ddos,Volumetric traffic spike against signalling gateway,Inbound byte volume exceeded baseline by over 500%,2026-07-29T17:26:00+05:30,2026-07-29T17:33:00+05:30,2026-07-29T20:54:00+05:30,RESOLVED,Compromised host isolated and imaged,R. Iyer
ALT-2843,CSE-01,ENG-WRK-07,CRITICAL,ddos,SYN flood exhausting SCADA telecontrol interface,High packet-per-second SYN burst causing connection pool exhaustion,2026-08-05T04:58:00+05:30,2026-08-05T05:01:00+05:30,2026-08-05T07:29:00+05:30,RESOLVED,Compromised host isolated and imaged,R. Iyer
ALT-2844,CSE-05,PL-PLC-09,HIGH,sql-injection,SQL syntax anomaly in historian web reporting interface,Time-delay SQL injection signature matched in asset query request,2026-07-13T10:01:00+05:30,,,OPEN,,
ALT-2845,CSE-07,,HIGH,credential-stuffing,Automated credential replay attacking telemetry API,WAF detected bot-driven authentication cycling from rotating source IPs,2026-07-22T22:59:00+05:30,2026-07-22T23:04:00+05:30,,ACKNOWLEDGED,,S. Verma
ALT-2846,CSE-02,TR-OPS-03,MEDIUM,xss,Suspicious script payload in web form submission,Unsanitized HTML payload containing JavaScript tags blocked at gateway,2026-07-18T04:16:00+05:30,,,OPEN,,
ALT-2847,CSE-04,EN-SCADA-02,CRITICAL,c2,Encrypted reverse shell communication from maintenance workstation,Command-and-control beacon signature matched in egress traffic,2026-07-16T05:44:00+05:30,2026-07-16T05:57:00+05:30,2026-07-16T08:48:00+05:30,RESOLVED,Firewall rule applied - traffic suppressed,
ALT-2848,CSE-02,ENG-WRK-07,CRITICAL,ddos,Volumetric traffic spike against signalling gateway,Inbound byte volume exceeded baseline by over 500%,2026-08-03T00:23:00+05:30,,,OPEN,,R. Iyer
ALT-2849,CSE-04,,CRITICAL,c2,Periodic outbound telemetry to unverified DNS domain,Periodic low-volume outbound connections at fixed intervals,2026-07-21T13:38:00+05:30,2026-07-21T13:45:00+05:30,2026-07-21T17:17:00+05:30,CLOSED,Patched and verified,R. Iyer
ALT-2850,CSE-04,,MEDIUM,xss,Cross-site scripting vector identified in operator console,Unsanitized HTML payload containing JavaScript tags blocked at gateway,2026-07-08T19:05:00+05:30,2026-07-08T19:30:00+05:30,2026-07-09T00:02:00+05:30,RESOLVED,Accounts locked - no compromise confirmed,S. Verma
ALT-2851,CSE-04,RTU-SUB-01,LOW,sql-injection,SQL syntax anomaly in historian web reporting interface,HTTP request to internal web portal contained SQL injection syntax,2026-07-09T23:00:00+05:30,2026-07-09T23:25:00+05:30,2026-07-10T08:21:00+05:30,RESOLVED,Accounts locked - no compromise confirmed,P. Nair
ALT-2852,CSE-05,GATEWAY-DMZ-01,LOW,exploit-attempt,Buffer overflow probe targeting legacy PLC firmware,Malicious byte sequence designed to trigger stack corruption detected,2026-07-19T01:57:00+05:30,,,OPEN,,
ALT-2853,CSE-01,,MEDIUM,xss,Cross-site scripting vector identified in operator console,Web application firewall flagged embedded script tags in input fields,2026-08-06T14:38:00+05:30,,,OPEN,,
ALT-2854,CSE-03,PL-PLC-09,LOW,exploit-attempt,Buffer overflow probe targeting legacy PLC firmware,Malicious byte sequence designed to trigger stack corruption detected,2026-07-14T10:39:00+05:30,2026-07-14T10:46:00+05:30,2026-07-14T17:43:00+05:30,RESOLVED,Compromised host isolated and imaged,P. Nair
ALT-2855,CSE-07,EN-SCADA-01,MEDIUM,port-scan,Distributed reconnaissance probing OT gateway,Half-open SYN packets rapidly received across 1-1024 port range,2026-08-01T07:09:00+05:30,,,OPEN,,S. Verma
ALT-2856,CSE-07,PL-PLC-12,MEDIUM,port-scan,SYN sweep detected across substation network segment,Stealth FIN scan detected targeting SCADA network perimeter,2026-07-10T15:07:00+05:30,2026-07-10T15:30:00+05:30,2026-07-10T22:04:00+05:30,CLOSED,Confirmed reconnaissance - source blocked,R. Iyer
ALT-2857,CSE-04,ENG-WRK-07,HIGH,exploit-attempt,Buffer overflow probe targeting legacy PLC firmware,Malicious byte sequence designed to trigger stack corruption detected,2026-07-16T02:41:00+05:30,2026-07-16T03:05:00+05:30,2026-07-16T04:34:00+05:30,CLOSED,Patched and verified,A. Sharma
ALT-2858,CSE-03,RTU-SUB-01,MEDIUM,port-scan,Distributed reconnaissance probing OT gateway,Stealth FIN scan detected targeting SCADA network perimeter,2026-07-17T16:24:00+05:30,2026-07-17T16:36:00+05:30,,ACKNOWLEDGED,,S. Verma
ALT-2859,CSE-03,,CRITICAL,ddos,SYN flood exhausting SCADA telecontrol interface,High packet-per-second SYN burst causing connection pool exhaustion,2026-07-28T17:24:00+05:30,2026-07-28T17:42:00+05:30,2026-07-29T03:08:00+05:30,RESOLVED,Accounts locked - no compromise confirmed,P. Nair
ALT-2860,CSE-07,HIST-SRV-01,HIGH,exploit-attempt,Remote code execution string identified in Modbus/TCP stream,Packet structure matched signature for CVE-2023 remote execution attempt,2026-07-11T02:55:00+05:30,2026-07-11T03:11:00+05:30,,ACKNOWLEDGED,,R. Iyer
ALT-2861,CSE-01,GATEWAY-DMZ-01,HIGH,sql-injection,Malformed query string on engineering portal,HTTP request to internal web portal contained SQL injection syntax,2026-07-15T15:13:00+05:30,2026-07-15T15:18:00+05:30,,IN_PROGRESS,,
ALT-2862,CSE-02,,LOW,sql-injection,SQL syntax anomaly in historian web reporting interface,Union-based SELECT payload identified in user parameter field,2026-08-01T18:38:00+05:30,2026-08-01T18:55:00+05:30,,ACKNOWLEDGED,,S. Verma
ALT-2863,CSE-04,,HIGH,brute-force,Repeated authentication failures on SCADA gateway,TCP traffic on port 22 showed 40+ failed auth attempts within 60s,2026-07-18T17:00:00+05:30,2026-07-18T17:22:00+05:30,2026-07-18T23:28:00+05:30,CLOSED,Source IP null-routed at edge firewall,K. Rao
ALT-2864,CSE-03,ENG-WRK-02,HIGH,exploit-attempt,Remote code execution string identified in Modbus/TCP stream,Packet structure matched signature for CVE-2023 remote execution attempt,2026-08-02T02:19:00+05:30,2026-08-02T02:35:00+05:30,2026-08-02T08:15:00+05:30,RESOLVED,Compromised host isolated and imaged,A. Sharma
ALT-2865,CSE-03,PL-PLC-09,CRITICAL,ddos,SYN flood exhausting SCADA telecontrol interface,High packet-per-second SYN burst causing connection pool exhaustion,2026-07-10T06:56:00+05:30,2026-07-10T07:09:00+05:30,,ACKNOWLEDGED,,S. Verma
ALT-2866,CSE-04,PL-PLC-09,HIGH,sql-injection,SQL syntax anomaly in historian web reporting interface,HTTP request to internal web portal contained SQL injection syntax,2026-07-16T02:47:00+05:30,2026-07-16T02:54:00+05:30,,ACKNOWLEDGED,,A. Sharma
ALT-2867,CSE-01,EN-SCADA-02,HIGH,credential-stuffing,Distributed account takeover attempts across operator accounts,Coordinated brute-force replay utilizing breached username/password pairs,2026-07-24T23:01:00+05:30,2026-07-24T23:09:00+05:30,,ACKNOWLEDGED,,K. Rao
ALT-2868,CSE-07,EN-SCADA-02,MEDIUM,credential-stuffing,Distributed account takeover attempts across operator accounts,Coordinated brute-force replay utilizing breached username/password pairs,2026-08-01T16:55:00+05:30,2026-08-01T17:14:00+05:30,,ACKNOWLEDGED,,S. Verma
ALT-2869,CSE-01,EN-SCADA-01,MEDIUM,c2,Periodic outbound telemetry to unverified DNS domain,Command-and-control beacon signature matched in egress traffic,2026-07-15T05:42:00+05:30,,,OPEN,,
ALT-2870,CSE-05,ENG-WRK-02,CRITICAL,ddos,SYN flood exhausting SCADA telecontrol interface,High-bandwidth NTP/DNS reflection flood impacting telemetry transmission,2026-07-14T19:54:00+05:30,2026-07-14T20:19:00+05:30,2026-07-15T04:11:00+05:30,CLOSED,False positive - verified scheduled maintenance,
ALT-2871,CSE-01,,HIGH,brute-force,Multiple RDP failed logons on historian node,TCP traffic on port 22 showed 40+ failed auth attempts within 60s,2026-07-22T03:45:00+05:30,,,OPEN,,
ALT-2872,CSE-02,,HIGH,credential-stuffing,High-volume login attempts using leaked credentials,WAF detected bot-driven authentication cycling from rotating source IPs,2026-08-06T07:44:00+05:30,2026-08-06T08:04:00+05:30,,ACKNOWLEDGED,,K. Rao
ALT-2873,CSE-02,RTU-SUB-05,MEDIUM,xss,Stored XSS pattern detected in system event log comments,Unsanitized HTML payload containing JavaScript tags blocked at gateway,2026-07-12T02:41:00+05:30,2026-07-12T02:55:00+05:30,2026-07-12T06:45:00+05:30,CLOSED,Source IP null-routed at edge firewall,S. Verma
ALT-2874,CSE-05,EN-SCADA-02,HIGH,credential-stuffing,Automated credential replay attacking telemetry API,Coordinated brute-force replay utilizing breached username/password pairs,2026-07-24T22:59:00+05:30,2026-07-24T23:12:00+05:30,2026-07-24T23:56:00+05:30,RESOLVED,Firewall rule applied - traffic suppressed,S. Verma
ALT-2875,CSE-03,HIST-SRV-01,LOW,exploit-attempt,Exploit payload targeting known CVE on exposed service,Packet structure matched signature for CVE-2023 remote execution attempt,2026-07-28T08:27:00+05:30,2026-07-28T08:43:00+05:30,2026-07-28T14:07:00+05:30,RESOLVED,Accounts locked - no compromise confirmed,
ALT-2876,CSE-04,,LOW,sql-injection,Malformed query string on engineering portal,HTTP request to internal web portal contained SQL injection syntax,2026-07-21T22:27:00+05:30,2026-07-21T22:45:00+05:30,2026-07-22T04:55:00+05:30,RESOLVED,Accounts locked - no compromise confirmed,K. Rao
ALT-2877,CSE-04,EN-SCADA-04,HIGH,brute-force,SSH credential brute force against engineering server,High rate of NTLM login failures originating from untrusted subnet,2026-07-16T02:16:00+05:30,2026-07-16T02:32:00+05:30,2026-07-16T05:21:00+05:30,CLOSED,Patched and verified,A. Sharma
ALT-2878,CSE-04,HIST-SRV-01,HIGH,exploit-attempt,Buffer overflow probe targeting legacy PLC firmware,Packet structure matched signature for CVE-2023 remote execution attempt,2026-07-21T23:12:00+05:30,2026-07-21T23:31:00+05:30,2026-07-22T07:51:00+05:30,RESOLVED,Accounts locked - no compromise confirmed,R. Iyer
ALT-2879,CSE-01,TR-OPS-14,CRITICAL,ddos,UDP amplification traffic targeted at field network switch,High-bandwidth NTP/DNS reflection flood impacting telemetry transmission,2026-07-29T15:23:00+05:30,,,OPEN,,
ALT-2880,CSE-03,,HIGH,sql-injection,Blind SQL injection heuristic triggered on API gateway,Time-delay SQL injection signature matched in asset query request,2026-07-19T06:34:00+05:30,,,OPEN,,S. Verma
ALT-2881,CSE-04,EN-SCADA-04,HIGH,credential-stuffing,Automated credential replay attacking telemetry API,Coordinated brute-force replay utilizing breached username/password pairs,2026-07-19T20:57:00+05:30,2026-07-19T21:21:00+05:30,2026-07-19T23:44:00+05:30,RESOLVED,Firewall rule applied - traffic suppressed,K. Rao
ALT-2882,CSE-07,EN-SCADA-01,CRITICAL,ddos,Volumetric traffic spike against signalling gateway,Inbound byte volume exceeded baseline by over 500%,2026-07-22T16:25:00+05:30,2026-07-22T16:49:00+05:30,2026-07-22T19:28:00+05:30,RESOLVED,Firewall rule applied - traffic suppressed,A. Sharma
ALT-2883,CSE-01,RTU-SUB-05,HIGH,credential-stuffing,Distributed account takeover attempts across operator accounts,Automated login attempts observed across multiple accounts,2026-07-21T07:51:00+05:30,2026-07-21T08:09:00+05:30,,IN_PROGRESS,,
ALT-2884,CSE-01,PL-PLC-12,HIGH,sql-injection,Blind SQL injection heuristic triggered on API gateway,HTTP request to internal web portal contained SQL injection syntax,2026-08-01T21:07:00+05:30,2026-08-01T21:19:00+05:30,,IN_PROGRESS,,
ALT-2885,CSE-03,RTU-SUB-05,HIGH,credential-stuffing,Automated credential replay attacking telemetry API,Coordinated brute-force replay utilizing breached username/password pairs,2026-07-14T16:13:00+05:30,,,OPEN,,S. Verma
ALT-2886,CSE-03,,CRITICAL,c2,Beaconing traffic to known suspicious external IP,Periodic low-volume outbound connections at fixed intervals,2026-07-18T01:13:00+05:30,2026-07-18T01:31:00+05:30,,ACKNOWLEDGED,,A. Sharma
ALT-2887,CSE-02,TR-OPS-03,CRITICAL,c2,Beaconing traffic to known suspicious external IP,Periodic low-volume outbound connections at fixed intervals,2026-07-14T02:35:00+05:30,,,OPEN,,
ALT-2888,CSE-03,ENG-WRK-07,HIGH,sql-injection,Malformed query string on engineering portal,Time-delay SQL injection signature matched in asset query request,2026-07-22T00:02:00+05:30,,,OPEN,,
ALT-2889,CSE-01,RTU-SUB-01,MEDIUM,sql-injection,Blind SQL injection heuristic triggered on API gateway,HTTP request to internal web portal contained SQL injection syntax,2026-07-22T03:02:00+05:30,2026-07-22T03:10:00+05:30,,ACKNOWLEDGED,,A. Sharma
ALT-2890,CSE-01,,MEDIUM,port-scan,SYN sweep detected across substation network segment,Half-open SYN packets rapidly received across 1-1024 port range,2026-07-10T01:41:00+05:30,2026-07-10T01:46:00+05:30,,ACKNOWLEDGED,,R. Iyer
ALT-2891,CSE-07,EN-SCADA-02,HIGH,exploit-attempt,Buffer overflow probe targeting legacy PLC firmware,Traffic contained a known exploit signature targeting unpatched software,2026-07-11T03:36:00+05:30,2026-07-11T03:59:00+05:30,,IN_PROGRESS,,R. Iyer
ALT-2892,CSE-01,TR-OPS-03,MEDIUM,xss,Suspicious script payload in web form submission,Web application firewall flagged embedded script tags in input fields,2026-07-24T03:13:00+05:30,,,OPEN,,
ALT-2893,CSE-03,ENG-WRK-07,HIGH,credential-stuffing,Automated credential replay attacking telemetry API,WAF detected bot-driven authentication cycling from rotating source IPs,2026-08-05T00:45:00+05:30,2026-08-05T01:03:00+05:30,,ACKNOWLEDGED,,K. Rao
ALT-2894,CSE-01,TR-OPS-03,HIGH,brute-force,Multiple RDP failed logons on historian node,TCP traffic on port 22 showed 40+ failed auth attempts within 60s,2026-07-20T23:06:00+05:30,2026-07-20T23:25:00+05:30,,ACKNOWLEDGED,,R. Iyer
ALT-2895,CSE-07,TR-OPS-03,CRITICAL,xss,Cross-site scripting vector identified in operator console,Reflected DOM manipulation attempt flagged in HTTP GET request,2026-08-03T23:00:00+05:30,2026-08-03T23:16:00+05:30,,ACKNOWLEDGED,,
ALT-2896,CSE-01,PL-PLC-09,CRITICAL,credential-stuffing,High-volume login attempts using leaked credentials,WAF detected bot-driven authentication cycling from rotating source IPs,2026-07-18T11:47:00+05:30,2026-07-18T11:52:00+05:30,2026-07-18T17:53:00+05:30,RESOLVED,Accounts locked - no compromise confirmed,P. Nair
ALT-2897,CSE-01,TR-OPS-14,HIGH,exploit-attempt,Remote code execution string identified in Modbus/TCP stream,Malicious byte sequence designed to trigger stack corruption detected,2026-08-02T11:47:00+05:30,,,OPEN,,P. Nair
ALT-2898,CSE-01,GATEWAY-DMZ-01,CRITICAL,ddos,UDP amplification traffic targeted at field network switch,High packet-per-second SYN burst causing connection pool exhaustion,2026-07-28T08:10:00+05:30,2026-07-28T08:29:00+05:30,,ACKNOWLEDGED,,P. Nair
ALT-2899,CSE-03,,CRITICAL,xss,Stored XSS pattern detected in system event log comments,Unsanitized HTML payload containing JavaScript tags blocked at gateway,2026-07-16T07:05:00+05:30,,,OPEN,,
ALT-2900,CSE-04,TR-OPS-03,CRITICAL,c2,Encrypted reverse shell communication from maintenance workstation,Persistent TLS session established to unclassified external endpoint,2026-07-12T00:05:00+05:30,,,OPEN,,P. Nair
ALT-2901,CSE-07,TR-OPS-03,HIGH,sql-injection,Malformed query string on engineering portal,Union-based SELECT payload identified in user parameter field,2026-07-17T05:59:00+05:30,2026-07-17T06:13:00+05:30,2026-07-17T08:49:00+05:30,CLOSED,Patched and verified,P. Nair
ALT-2902,CSE-07,,CRITICAL,ddos,UDP amplification traffic targeted at field network switch,High-bandwidth NTP/DNS reflection flood impacting telemetry transmission,2026-07-20T13:24:00+05:30,2026-07-20T13:37:00+05:30,2026-07-20T22:16:00+05:30,RESOLVED,Compromised host isolated and imaged,K. Rao
ALT-2903,CSE-04,,CRITICAL,ddos,SYN flood exhausting SCADA telecontrol interface,Inbound byte volume exceeded baseline by over 500%,2026-07-13T16:42:00+05:30,2026-07-13T16:59:00+05:30,,IN_PROGRESS,,P. Nair
ALT-2904,CSE-02,TR-OPS-14,HIGH,brute-force,Repeated authentication failures on SCADA gateway,TCP traffic on port 22 showed 40+ failed auth attempts within 60s,2026-07-30T19:20:00+05:30,,,OPEN,,
ALT-2905,CSE-04,ENG-WRK-02,HIGH,sql-injection,Blind SQL injection heuristic triggered on API gateway,HTTP request to internal web portal contained SQL injection syntax,2026-07-11T14:49:00+05:30,2026-07-11T15:06:00+05:30,2026-07-11T23:31:00+05:30,CLOSED,Patched and verified,S. Verma
ALT-2906,CSE-07,,HIGH,exploit-attempt,Remote code execution string identified in Modbus/TCP stream,Malicious byte sequence designed to trigger stack corruption detected,2026-08-01T17:39:00+05:30,2026-08-01T17:41:00+05:30,2026-08-01T18:56:00+05:30,CLOSED,Source IP null-routed at edge firewall,R. Iyer
ALT-2907,CSE-04,,CRITICAL,credential-stuffing,Distributed account takeover attempts across operator accounts,Automated login attempts observed across multiple accounts,2026-07-09T15:08:00+05:30,2026-07-09T15:27:00+05:30,,ACKNOWLEDGED,,
ALT-2908,CSE-03,PL-PLC-09,HIGH,exploit-attempt,Buffer overflow probe targeting legacy PLC firmware,Packet structure matched signature for CVE-2023 remote execution attempt,2026-07-25T20:13:00+05:30,2026-07-25T20:18:00+05:30,2026-07-26T05:20:00+05:30,RESOLVED,Compromised host isolated and imaged,K. Rao
ALT-2909,CSE-07,,HIGH,exploit-attempt,Exploit payload targeting known CVE on exposed service,Packet structure matched signature for CVE-2023 remote execution attempt,2026-07-10T16:07:00+05:30,2026-07-10T16:17:00+05:30,2026-07-11T01:18:00+05:30,RESOLVED,Compromised host isolated and imaged,P. Nair
ALT-2910,CSE-05,ENG-WRK-07,CRITICAL,ddos,Volumetric traffic spike against signalling gateway,High-bandwidth NTP/DNS reflection flood impacting telemetry transmission,2026-07-10T04:31:00+05:30,2026-07-10T04:44:00+05:30,,ACKNOWLEDGED,,S. Verma
ALT-2911,CSE-07,EN-SCADA-01,HIGH,credential-stuffing,Distributed account takeover attempts across operator accounts,Coordinated brute-force replay utilizing breached username/password pairs,2026-07-24T09:35:00+05:30,2026-07-24T09:48:00+05:30,2026-07-24T11:17:00+05:30,RESOLVED,Compromised host isolated and imaged,A. Sharma
ALT-2912,CSE-02,RTU-SUB-01,CRITICAL,ddos,UDP amplification traffic targeted at field network switch,Inbound byte volume exceeded baseline by over 500%,2026-07-22T00:17:00+05:30,,,OPEN,,
ALT-2913,CSE-01,ENG-WRK-02,HIGH,brute-force,SSH credential brute force against engineering server,Burst of failed authentication handshakes targeting remote access console,2026-07-31T13:30:00+05:30,2026-07-31T13:40:00+05:30,2026-07-31T14:35:00+05:30,RESOLVED,Compromised host isolated and imaged,P. Nair
ALT-2914,CSE-05,EN-SCADA-01,HIGH,credential-stuffing,Distributed account takeover attempts across operator accounts,Coordinated brute-force replay utilizing breached username/password pairs,2026-08-03T04:36:00+05:30,,,OPEN,,
ALT-2915,CSE-01,PL-PLC-12,HIGH,credential-stuffing,Automated credential replay attacking telemetry API,Coordinated brute-force replay utilizing breached username/password pairs,2026-07-15T17:15:00+05:30,2026-07-15T17:26:00+05:30,2026-07-16T00:12:00+05:30,CLOSED,Source IP null-routed at edge firewall,A. Sharma
ALT-2916,CSE-04,EN-SCADA-04,MEDIUM,xss,Suspicious script payload in web form submission,Unsanitized HTML payload containing JavaScript tags blocked at gateway,2026-08-03T05:41:00+05:30,2026-08-03T05:50:00+05:30,2026-08-03T08:00:00+05:30,RESOLVED,Compromised host isolated and imaged,K. Rao
ALT-2917,CSE-01,ENG-WRK-02,CRITICAL,ddos,UDP amplification traffic targeted at field network switch,High packet-per-second SYN burst causing connection pool exhaustion,2026-07-27T13:45:00+05:30,2026-07-27T13:58:00+05:30,,ACKNOWLEDGED,,R. Iyer
ALT-2918,CSE-07,HIST-SRV-01,CRITICAL,ddos,UDP amplification traffic targeted at field network switch,High packet-per-second SYN burst causing connection pool exhaustion,2026-07-17T05:47:00+05:30,2026-07-17T06:01:00+05:30,2026-07-17T10:49:00+05:30,RESOLVED,Compromised host isolated and imaged,K. Rao
ALT-2919,CSE-04,PL-PLC-09,HIGH,brute-force,Multiple RDP failed logons on historian node,TCP traffic on port 22 showed 40+ failed auth attempts within 60s,2026-08-03T09:19:00+05:30,2026-08-03T09:27:00+05:30,2026-08-03T18:02:00+05:30,RESOLVED,Firewall rule applied - traffic suppressed,
ALT-2920,CSE-05,,HIGH,brute-force,SSH credential brute force against engineering server,High rate of NTLM login failures originating from untrusted subnet,2026-07-14T20:37:00+05:30,2026-07-14T20:43:00+05:30,,ACKNOWLEDGED,,
ALT-2921,CSE-07,HIST-SRV-01,CRITICAL,c2,Beaconing traffic to known suspicious external IP,Persistent TLS session established to unclassified external endpoint,2026-07-17T09:35:00+05:30,2026-07-17T09:45:00+05:30,2026-07-17T15:13:00+05:30,RESOLVED,Compromised host isolated and imaged,A. Sharma
ALT-2922,CSE-03,RTU-SUB-01,CRITICAL,c2,Beaconing traffic to known suspicious external IP,Periodic low-volume outbound connections at fixed intervals,2026-07-09T09:30:00+05:30,2026-07-09T09:41:00+05:30,,ACKNOWLEDGED,,P. Nair
ALT-2923,CSE-04,,CRITICAL,c2,Beaconing traffic to known suspicious external IP,Periodic low-volume outbound connections at fixed intervals,2026-07-15T09:18:00+05:30,2026-07-15T09:24:00+05:30,,IN_PROGRESS,,R. Iyer
ALT-2924,CSE-03,RTU-SUB-05,HIGH,sql-injection,Malformed query string on engineering portal,Time-delay SQL injection signature matched in asset query request,2026-07-30T05:55:00+05:30,,,OPEN,,R. Iyer
ALT-2925,CSE-03,HIST-SRV-01,CRITICAL,port-scan,SYN sweep detected across substation network segment,Stealth FIN scan detected targeting SCADA network perimeter,2026-08-07T01:20:00+05:30,,,OPEN,,
ALT-2926,CSE-07,TR-OPS-14,MEDIUM,xss,Stored XSS pattern detected in system event log comments,Reflected DOM manipulation attempt flagged in HTTP GET request,2026-07-13T15:01:00+05:30,2026-07-13T15:24:00+05:30,2026-07-14T00:43:00+05:30,CLOSED,False positive - verified scheduled maintenance,P. Nair
ALT-2927,CSE-01,RTU-SUB-01,MEDIUM,port-scan,SYN sweep detected across substation network segment,Half-open SYN packets rapidly received across 1-1024 port range,2026-08-03T17:29:00+05:30,2026-08-03T17:54:00+05:30,2026-08-03T22:15:00+05:30,RESOLVED,Firewall rule applied - traffic suppressed,A. Sharma
ALT-2928,CSE-02,TR-OPS-03,HIGH,sql-injection,SQL syntax anomaly in historian web reporting interface,Union-based SELECT payload identified in user parameter field,2026-07-26T17:18:00+05:30,2026-07-26T17:38:00+05:30,,IN_PROGRESS,,R. Iyer
ALT-2929,CSE-04,ENG-WRK-07,MEDIUM,port-scan,SYN sweep detected across substation network segment,Half-open SYN packets rapidly received across 1-1024 port range,2026-07-19T08:19:00+05:30,2026-07-19T08:25:00+05:30,,IN_PROGRESS,,S. Verma
ALT-2930,CSE-04,ENG-WRK-07,CRITICAL,ddos,UDP amplification traffic targeted at field network switch,Inbound byte volume exceeded baseline by over 500%,2026-07-10T14:58:00+05:30,2026-07-10T15:08:00+05:30,,ACKNOWLEDGED,,K. Rao
ALT-2931,CSE-04,HIST-SRV-01,LOW,credential-stuffing,Automated credential replay attacking telemetry API,Automated login attempts observed across multiple accounts,2026-07-28T06:28:00+05:30,2026-07-28T06:30:00+05:30,2026-07-28T13:55:00+05:30,RESOLVED,Firewall rule applied - traffic suppressed,S. Verma
ALT-2932,CSE-01,RTU-SUB-01,CRITICAL,ddos,Volumetric traffic spike against signalling gateway,High packet-per-second SYN burst causing connection pool exhaustion,2026-08-05T20:51:00+05:30,2026-08-05T21:13:00+05:30,,IN_PROGRESS,,P. Nair
ALT-2933,CSE-01,RTU-SUB-05,CRITICAL,port-scan,SYN sweep detected across substation network segment,Stealth FIN scan detected targeting SCADA network perimeter,2026-07-26T22:18:00+05:30,2026-07-26T22:42:00+05:30,,IN_PROGRESS,,P. Nair
ALT-2934,CSE-01,PL-PLC-09,CRITICAL,ddos,SYN flood exhausting SCADA telecontrol interface,High packet-per-second SYN burst causing connection pool exhaustion,2026-08-04T12:55:00+05:30,2026-08-04T13:20:00+05:30,2026-08-04T19:14:00+05:30,CLOSED,Source IP null-routed at edge firewall,
ALT-2935,CSE-01,EN-SCADA-02,HIGH,sql-injection,Blind SQL injection heuristic triggered on API gateway,HTTP request to internal web portal contained SQL injection syntax,2026-07-08T06:36:00+05:30,2026-07-08T06:44:00+05:30,2026-07-08T12:33:00+05:30,RESOLVED,Firewall rule applied - traffic suppressed,K. Rao
ALT-2936,CSE-01,TR-OPS-03,HIGH,sql-injection,Blind SQL injection heuristic triggered on API gateway,Time-delay SQL injection signature matched in asset query request,2026-07-14T01:20:00+05:30,2026-07-14T01:43:00+05:30,2026-07-14T09:05:00+05:30,CLOSED,False positive - verified scheduled maintenance,P. Nair
ALT-2937,CSE-04,TR-OPS-14,CRITICAL,ddos,UDP amplification traffic targeted at field network switch,High packet-per-second SYN burst causing connection pool exhaustion,2026-07-20T23:02:00+05:30,2026-07-20T23:06:00+05:30,,ACKNOWLEDGED,,P. Nair
ALT-2938,CSE-03,PL-PLC-09,MEDIUM,c2,Beaconing traffic to known suspicious external IP,Periodic low-volume outbound connections at fixed intervals,2026-08-02T13:18:00+05:30,2026-08-02T13:40:00+05:30,2026-08-02T17:57:00+05:30,CLOSED,Confirmed reconnaissance - source blocked,P. Nair
ALT-2939,CSE-02,RTU-SUB-05,HIGH,sql-injection,Blind SQL injection heuristic triggered on API gateway,Union-based SELECT payload identified in user parameter field,2026-08-04T11:02:00+05:30,2026-08-04T11:08:00+05:30,,IN_PROGRESS,,R. Iyer
ALT-2940,CSE-03,PL-PLC-09,MEDIUM,port-scan,Distributed reconnaissance probing OT gateway,Half-open SYN packets rapidly received across 1-1024 port range,2026-07-28T18:49:00+05:30,2026-07-28T18:54:00+05:30,2026-07-28T23:23:00+05:30,RESOLVED,Compromised host isolated and imaged,A. Sharma
ALT-2941,CSE-02,RTU-SUB-05,CRITICAL,ddos,SYN flood exhausting SCADA telecontrol interface,Inbound byte volume exceeded baseline by over 500%,2026-07-27T18:21:00+05:30,2026-07-27T18:42:00+05:30,,ACKNOWLEDGED,,A. Sharma
ALT-2942,CSE-03,PL-PLC-12,CRITICAL,c2,Beaconing traffic to known suspicious external IP,Periodic low-volume outbound connections at fixed intervals,2026-07-21T08:13:00+05:30,2026-07-21T08:22:00+05:30,,IN_PROGRESS,,K. Rao
ALT-2943,CSE-04,RTU-SUB-01,HIGH,credential-stuffing,Automated credential replay attacking telemetry API,Coordinated brute-force replay utilizing breached username/password pairs,2026-07-12T00:53:00+05:30,,,OPEN,,
ALT-2944,CSE-03,GATEWAY-DMZ-01,MEDIUM,xss,Stored XSS pattern detected in system event log comments,Unsanitized HTML payload containing JavaScript tags blocked at gateway,2026-08-04T07:32:00+05:30,2026-08-04T07:36:00+05:30,,IN_PROGRESS,,R. Iyer
ALT-2945,CSE-05,EN-SCADA-02,HIGH,brute-force,Repeated authentication failures on SCADA gateway,High rate of NTLM login failures originating from untrusted subnet,2026-07-24T06:14:00+05:30,2026-07-24T06:37:00+05:30,2026-07-24T07:45:00+05:30,CLOSED,Confirmed reconnaissance - source blocked,S. Verma
ALT-2946,CSE-05,GATEWAY-DMZ-01,HIGH,ddos,Volumetric traffic spike against signalling gateway,High-bandwidth NTP/DNS reflection flood impacting telemetry transmission,2026-07-10T00:10:00+05:30,2026-07-10T00:17:00+05:30,2026-07-10T05:21:00+05:30,CLOSED,Patched and verified,K. Rao
ALT-2947,CSE-04,ENG-WRK-02,HIGH,exploit-attempt,Buffer overflow probe targeting legacy PLC firmware,Packet structure matched signature for CVE-2023 remote execution attempt,2026-08-01T06:36:00+05:30,2026-08-01T06:42:00+05:30,2026-08-01T11:47:00+05:30,RESOLVED,Accounts locked - no compromise confirmed,S. Verma
ALT-2948,CSE-01,TR-OPS-14,HIGH,exploit-attempt,Remote code execution string identified in Modbus/TCP stream,Malicious byte sequence designed to trigger stack corruption detected,2026-07-27T17:01:00+05:30,2026-07-27T17:11:00+05:30,,IN_PROGRESS,,K. Rao
ALT-2949,CSE-03,ENG-WRK-02,HIGH,c2,Encrypted reverse shell communication from maintenance workstation,Command-and-control beacon signature matched in egress traffic,2026-07-15T00:28:00+05:30,2026-07-15T00:51:00+05:30,2026-07-15T08:43:00+05:30,CLOSED,Confirmed reconnaissance - source blocked,A. Sharma
ALT-2950,CSE-02,EN-SCADA-02,MEDIUM,xss,Cross-site scripting vector identified in operator console,Unsanitized HTML payload containing JavaScript tags blocked at gateway,2026-07-15T13:53:00+05:30,2026-07-15T14:08:00+05:30,2026-07-15T16:36:00+05:30,RESOLVED,Firewall rule applied - traffic suppressed,R. Iyer
ALT-2951,CSE-04,ENG-WRK-07,HIGH,exploit-attempt,Exploit payload targeting known CVE on exposed service,Packet structure matched signature for CVE-2023 remote execution attempt,2026-07-14T20:57:00+05:30,,,OPEN,,
ALT-2952,CSE-02,HIST-SRV-01,HIGH,sql-injection,Blind SQL injection heuristic triggered on API gateway,Time-delay SQL injection signature matched in asset query request,2026-08-03T18:57:00+05:30,2026-08-03T19:17:00+05:30,,ACKNOWLEDGED,,R. Iyer
ALT-2953,CSE-05,PL-PLC-09,MEDIUM,c2,Periodic outbound telemetry to unverified DNS domain,Persistent TLS session established to unclassified external endpoint,2026-07-12T10:15:00+05:30,2026-07-12T10:17:00+05:30,,IN_PROGRESS,,S. Verma
ALT-2954,CSE-07,TR-OPS-03,CRITICAL,c2,Beaconing traffic to known suspicious external IP,Command-and-control beacon signature matched in egress traffic,2026-07-15T03:12:00+05:30,,,OPEN,,
ALT-2955,CSE-07,,HIGH,exploit-attempt,Buffer overflow probe targeting legacy PLC firmware,Packet structure matched signature for CVE-2023 remote execution attempt,2026-08-07T01:58:00+05:30,,,OPEN,,
ALT-2956,CSE-01,,MEDIUM,credential-stuffing,High-volume login attempts using leaked credentials,Automated login attempts observed across multiple accounts,2026-08-06T10:16:00+05:30,2026-08-06T10:28:00+05:30,,IN_PROGRESS,,R. Iyer
ALT-2957,CSE-07,EN-SCADA-04,CRITICAL,c2,Periodic outbound telemetry to unverified DNS domain,Periodic low-volume outbound connections at fixed intervals,2026-07-19T01:28:00+05:30,2026-07-19T01:32:00+05:30,2026-07-19T02:34:00+05:30,RESOLVED,Accounts locked - no compromise confirmed,A. Sharma
ALT-2958,CSE-04,GATEWAY-DMZ-01,CRITICAL,ddos,UDP amplification traffic targeted at field network switch,Inbound byte volume exceeded baseline by over 500%,2026-07-13T14:58:00+05:30,2026-07-13T15:15:00+05:30,,IN_PROGRESS,,P. Nair
ALT-2959,CSE-07,HIST-SRV-01,HIGH,sql-injection,Malformed query string on engineering portal,Union-based SELECT payload identified in user parameter field,2026-07-31T11:12:00+05:30,2026-07-31T11:29:00+05:30,,ACKNOWLEDGED,,P. Nair
ALT-2960,CSE-04,,CRITICAL,ddos,SYN flood exhausting SCADA telecontrol interface,Inbound byte volume exceeded baseline by over 500%,2026-07-27T08:46:00+05:30,2026-07-27T09:07:00+05:30,,IN_PROGRESS,,A. Sharma
ALT-2961,CSE-04,,MEDIUM,port-scan,SYN sweep detected across substation network segment,Half-open SYN packets rapidly received across 1-1024 port range,2026-07-18T08:10:00+05:30,2026-07-18T08:27:00+05:30,,ACKNOWLEDGED,,K. Rao
ALT-2962,CSE-07,EN-SCADA-04,CRITICAL,ddos,Volumetric traffic spike against signalling gateway,High packet-per-second SYN burst causing connection pool exhaustion,2026-07-21T19:21:00+05:30,2026-07-21T19:27:00+05:30,,ACKNOWLEDGED,,
ALT-2963,CSE-03,RTU-SUB-01,CRITICAL,c2,Beaconing traffic to known suspicious external IP,Persistent TLS session established to unclassified external endpoint,2026-07-11T14:50:00+05:30,,,OPEN,,
ALT-2964,CSE-05,,CRITICAL,c2,Encrypted reverse shell communication from maintenance workstation,Persistent TLS session established to unclassified external endpoint,2026-08-03T00:10:00+05:30,2026-08-03T00:23:00+05:30,,IN_PROGRESS,,S. Verma
ALT-2965,CSE-05,EN-SCADA-04,HIGH,brute-force,Multiple RDP failed logons on historian node,High rate of NTLM login failures originating from untrusted subnet,2026-07-16T07:22:00+05:30,2026-07-16T07:36:00+05:30,,ACKNOWLEDGED,,R. Iyer
ALT-2966,CSE-01,,CRITICAL,ddos,UDP amplification traffic targeted at field network switch,High packet-per-second SYN burst causing connection pool exhaustion,2026-07-28T14:42:00+05:30,2026-07-28T14:52:00+05:30,2026-07-28T21:16:00+05:30,CLOSED,Patched and verified,A. Sharma
ALT-2967,CSE-02,EN-SCADA-04,LOW,ddos,SYN flood exhausting SCADA telecontrol interface,High-bandwidth NTP/DNS reflection flood impacting telemetry transmission,2026-07-08T22:49:00+05:30,,,OPEN,,
ALT-2968,CSE-01,PL-PLC-09,HIGH,exploit-attempt,Buffer overflow probe targeting legacy PLC firmware,Packet structure matched signature for CVE-2023 remote execution attempt,2026-08-04T12:40:00+05:30,2026-08-04T12:51:00+05:30,2026-08-04T19:34:00+05:30,RESOLVED,Compromised host isolated and imaged,
ALT-2969,CSE-07,GATEWAY-DMZ-01,CRITICAL,ddos,Volumetric traffic spike against signalling gateway,Inbound byte volume exceeded baseline by over 500%,2026-07-16T19:39:00+05:30,,,OPEN,,
ALT-2970,CSE-07,PL-PLC-12,HIGH,brute-force,Multiple RDP failed logons on historian node,TCP traffic on port 22 showed 40+ failed auth attempts within 60s,2026-08-06T16:56:00+05:30,2026-08-06T17:11:00+05:30,,ACKNOWLEDGED,,
ALT-2971,CSE-05,PL-PLC-12,MEDIUM,port-scan,SYN sweep detected across substation network segment,Sequential low-byte TCP connections observed across multiple ports,2026-07-29T16:58:00+05:30,2026-07-29T17:00:00+05:30,2026-07-29T19:42:00+05:30,RESOLVED,Accounts locked - no compromise confirmed,A. Sharma
ALT-2972,CSE-07,,HIGH,exploit-attempt,Buffer overflow probe targeting legacy PLC firmware,Packet structure matched signature for CVE-2023 remote execution attempt,2026-07-19T04:15:00+05:30,2026-07-19T04:26:00+05:30,,ACKNOWLEDGED,,K. Rao
ALT-2973,CSE-04,EN-SCADA-02,HIGH,credential-stuffing,Automated credential replay attacking telemetry API,WAF detected bot-driven authentication cycling from rotating source IPs,2026-07-27T18:52:00+05:30,2026-07-27T19:09:00+05:30,2026-07-28T00:34:00+05:30,RESOLVED,Accounts locked - no compromise confirmed,P. Nair
ALT-2974,CSE-04,,HIGH,exploit-attempt,Exploit payload targeting known CVE on exposed service,Packet structure matched signature for CVE-2023 remote execution attempt,2026-07-09T00:01:00+05:30,2026-07-09T00:21:00+05:30,2026-07-09T06:09:00+05:30,RESOLVED,Compromised host isolated and imaged,R. Iyer
ALT-2975,CSE-03,,HIGH,exploit-attempt,Remote code execution string identified in Modbus/TCP stream,Packet structure matched signature for CVE-2023 remote execution attempt,2026-07-23T22:00:00+05:30,2026-07-23T22:24:00+05:30,2026-07-24T06:11:00+05:30,RESOLVED,Accounts locked - no compromise confirmed,A. Sharma
ALT-2976,CSE-03,PL-PLC-12,HIGH,exploit-attempt,Exploit payload targeting known CVE on exposed service,Packet structure matched signature for CVE-2023 remote execution attempt,2026-07-18T03:13:00+05:30,2026-07-18T03:36:00+05:30,2026-07-18T09:45:00+05:30,CLOSED,Source IP null-routed at edge firewall,A. Sharma
ALT-2977,CSE-03,GATEWAY-DMZ-01,HIGH,c2,Periodic outbound telemetry to unverified DNS domain,Periodic low-volume outbound connections at fixed intervals,2026-08-05T10:28:00+05:30,2026-08-05T10:39:00+05:30,,ACKNOWLEDGED,,
ALT-2978,CSE-07,EN-SCADA-04,HIGH,exploit-attempt,Exploit payload targeting known CVE on exposed service,Traffic contained a known exploit signature targeting unpatched software,2026-08-04T16:53:00+05:30,2026-08-04T16:58:00+05:30,2026-08-05T00:43:00+05:30,RESOLVED,Firewall rule applied - traffic suppressed,S. Verma
ALT-2979,CSE-02,PL-PLC-12,HIGH,brute-force,SSH credential brute force against engineering server,High rate of NTLM login failures originating from untrusted subnet,2026-07-15T08:29:00+05:30,2026-07-15T08:47:00+05:30,,ACKNOWLEDGED,,R. Iyer
ALT-2980,CSE-01,ENG-WRK-02,CRITICAL,c2,Beaconing traffic to known suspicious external IP,Periodic low-volume outbound connections at fixed intervals,2026-08-02T17:05:00+05:30,2026-08-02T17:22:00+05:30,,ACKNOWLEDGED,,S. Verma
ALT-2981,CSE-03,ENG-WRK-07,HIGH,brute-force,Multiple RDP failed logons on historian node,High rate of NTLM login failures originating from untrusted subnet,2026-07-15T00:22:00+05:30,2026-07-15T00:43:00+05:30,2026-07-15T02:53:00+05:30,CLOSED,Confirmed reconnaissance - source blocked,P. Nair
ALT-2982,CSE-04,TR-OPS-03,MEDIUM,port-scan,Distributed reconnaissance probing OT gateway,Sequential low-byte TCP connections observed across multiple ports,2026-08-02T17:37:00+05:30,,,OPEN,,
ALT-2983,CSE-02,TR-OPS-03,MEDIUM,xss,Stored XSS pattern detected in system event log comments,Unsanitized HTML payload containing JavaScript tags blocked at gateway,2026-07-28T05:30:00+05:30,2026-07-28T05:47:00+05:30,2026-07-28T07:56:00+05:30,CLOSED,Patched and verified,
ALT-2984,CSE-03,ENG-WRK-02,HIGH,sql-injection,Malformed query string on engineering portal,Union-based SELECT payload identified in user parameter field,2026-07-27T01:21:00+05:30,,,OPEN,,P. Nair
ALT-2985,CSE-03,HIST-SRV-01,HIGH,sql-injection,SQL syntax anomaly in historian web reporting interface,Time-delay SQL injection signature matched in asset query request,2026-07-27T00:33:00+05:30,2026-07-27T00:55:00+05:30,,IN_PROGRESS,,
ALT-2986,CSE-02,TR-OPS-14,CRITICAL,c2,Beaconing traffic to known suspicious external IP,Command-and-control beacon signature matched in egress traffic,2026-07-26T22:48:00+05:30,2026-07-26T23:04:00+05:30,2026-07-27T08:21:00+05:30,RESOLVED,Compromised host isolated and imaged,S. Verma
ALT-2987,CSE-01,,HIGH,sql-injection,Blind SQL injection heuristic triggered on API gateway,Time-delay SQL injection signature matched in asset query request,2026-07-11T07:15:00+05:30,,,OPEN,,
ALT-2988,CSE-04,PL-PLC-09,CRITICAL,c2,Beaconing traffic to known suspicious external IP,Persistent TLS session established to unclassified external endpoint,2026-08-06T07:54:00+05:30,2026-08-06T08:14:00+05:30,,ACKNOWLEDGED,,R. Iyer
ALT-2989,CSE-07,HIST-SRV-01,CRITICAL,c2,Encrypted reverse shell communication from maintenance workstation,Persistent TLS session established to unclassified external endpoint,2026-08-02T07:56:00+05:30,2026-08-02T08:21:00+05:30,,IN_PROGRESS,,
ALT-2990,CSE-03,ENG-WRK-07,MEDIUM,brute-force,Multiple RDP failed logons on historian node,High rate of NTLM login failures originating from untrusted subnet,2026-07-28T10:36:00+05:30,2026-07-28T10:55:00+05:30,,ACKNOWLEDGED,,K. Rao
ALT-2991,CSE-05,,CRITICAL,credential-stuffing,High-volume login attempts using leaked credentials,Coordinated brute-force replay utilizing breached username/password pairs,2026-07-11T23:18:00+05:30,,,OPEN,,
ALT-2992,CSE-04,TR-OPS-14,CRITICAL,ddos,UDP amplification traffic targeted at field network switch,High-bandwidth NTP/DNS reflection flood impacting telemetry transmission,2026-07-22T08:18:00+05:30,2026-07-22T08:30:00+05:30,2026-07-22T11:46:00+05:30,CLOSED,Confirmed reconnaissance - source blocked,R. Iyer
ALT-2993,CSE-05,RTU-SUB-05,HIGH,xss,Stored XSS pattern detected in system event log comments,Unsanitized HTML payload containing JavaScript tags blocked at gateway,2026-07-31T03:08:00+05:30,,,OPEN,,
ALT-2994,CSE-03,RTU-SUB-05,HIGH,credential-stuffing,Automated credential replay attacking telemetry API,Automated login attempts observed across multiple accounts,2026-07-28T13:23:00+05:30,2026-07-28T13:43:00+05:30,,IN_PROGRESS,,
ALT-2995,CSE-01,,MEDIUM,credential-stuffing,Distributed account takeover attempts across operator accounts,Coordinated brute-force replay utilizing breached username/password pairs,2026-07-21T02:02:00+05:30,2026-07-21T02:25:00+05:30,2026-07-21T05:10:00+05:30,CLOSED,Source IP null-routed at edge firewall,K. Rao
ALT-2996,CSE-07,RTU-SUB-01,MEDIUM,port-scan,Distributed reconnaissance probing OT gateway,Sequential low-byte TCP connections observed across multiple ports,2026-07-24T13:51:00+05:30,2026-07-24T13:56:00+05:30,2026-07-24T17:06:00+05:30,RESOLVED,Compromised host isolated and imaged,P. Nair
ALT-2997,CSE-04,EN-SCADA-04,MEDIUM,port-scan,Sequential port scan against historian server,Half-open SYN packets rapidly received across 1-1024 port range,2026-07-17T21:51:00+05:30,2026-07-17T21:55:00+05:30,2026-07-18T04:54:00+05:30,RESOLVED,Compromised host isolated and imaged,K. Rao
ALT-2998,CSE-04,GATEWAY-DMZ-01,CRITICAL,ddos,UDP amplification traffic targeted at field network switch,High packet-per-second SYN burst causing connection pool exhaustion,2026-07-28T03:56:00+05:30,2026-07-28T04:21:00+05:30,2026-07-28T11:47:00+05:30,RESOLVED,Accounts locked - no compromise confirmed,A. Sharma
ALT-2999,CSE-05,TR-OPS-14,HIGH,exploit-attempt,Exploit payload targeting known CVE on exposed service,Packet structure matched signature for CVE-2023 remote execution attempt,2026-07-31T11:47:00+05:30,2026-07-31T11:52:00+05:30,2026-07-31T16:09:00+05:30,CLOSED,Source IP null-routed at edge firewall,P. Nair
ALT-3000,CSE-01,PL-PLC-09,LOW,credential-stuffing,Automated credential replay attacking telemetry API,Coordinated brute-force replay utilizing breached username/password pairs,2026-07-13T03:45:00+05:30,,,OPEN,,
ALT-3001,CSE-03,EN-SCADA-02,HIGH,sql-injection,SQL syntax anomaly in historian web reporting interface,Union-based SELECT payload identified in user parameter field,2026-07-21T22:29:00+05:30,2026-07-21T22:46:00+05:30,,IN_PROGRESS,,R. Iyer
ALT-3002,CSE-02,TR-OPS-14,CRITICAL,c2,Periodic outbound telemetry to unverified DNS domain,Command-and-control beacon signature matched in egress traffic,2026-07-17T22:43:00+05:30,2026-07-17T23:08:00+05:30,,ACKNOWLEDGED,,P. Nair
ALT-3003,CSE-01,TR-OPS-03,HIGH,credential-stuffing,High-volume login attempts using leaked credentials,Coordinated brute-force replay utilizing breached username/password pairs,2026-07-30T00:49:00+05:30,2026-07-30T01:00:00+05:30,2026-07-30T09:17:00+05:30,CLOSED,False positive - verified scheduled maintenance,P. Nair
ALT-3004,CSE-04,TR-OPS-14,HIGH,sql-injection,SQL syntax anomaly in historian web reporting interface,Union-based SELECT payload identified in user parameter field,2026-07-28T13:45:00+05:30,2026-07-28T14:10:00+05:30,,ACKNOWLEDGED,,S. Verma
ALT-3005,CSE-01,,CRITICAL,c2,Periodic outbound telemetry to unverified DNS domain,Command-and-control beacon signature matched in egress traffic,2026-08-01T18:09:00+05:30,,,OPEN,,
ALT-3006,CSE-04,RTU-SUB-05,LOW,port-scan,Distributed reconnaissance probing OT gateway,Stealth FIN scan detected targeting SCADA network perimeter,2026-07-22T04:35:00+05:30,2026-07-22T04:57:00+05:30,2026-07-22T07:26:00+05:30,CLOSED,Confirmed reconnaissance - source blocked,A. Sharma
ALT-3007,CSE-05,EN-SCADA-02,MEDIUM,xss,Stored XSS pattern detected in system event log comments,Web application firewall flagged embedded script tags in input fields,2026-07-13T14:37:00+05:30,2026-07-13T14:44:00+05:30,2026-07-13T15:41:00+05:30,CLOSED,False positive - verified scheduled maintenance,A. Sharma
ALT-3008,CSE-02,,HIGH,port-scan,SYN sweep detected across substation network segment,Stealth FIN scan detected targeting SCADA network perimeter,2026-07-10T04:23:00+05:30,2026-07-10T04:25:00+05:30,2026-07-10T10:56:00+05:30,RESOLVED,Firewall rule applied - traffic suppressed,A. Sharma
ALT-3009,CSE-04,EN-SCADA-01,HIGH,credential-stuffing,High-volume login attempts using leaked credentials,Automated login attempts observed across multiple accounts,2026-07-12T15:44:00+05:30,2026-07-12T15:51:00+05:30,2026-07-12T21:21:00+05:30,CLOSED,Patched and verified,A. Sharma
ALT-3010,CSE-03,EN-SCADA-04,HIGH,sql-injection,SQL syntax anomaly in historian web reporting interface,Time-delay SQL injection signature matched in asset query request,2026-07-15T20:03:00+05:30,,,OPEN,,
ALT-3011,CSE-03,PL-PLC-09,HIGH,brute-force,SSH credential brute force against engineering server,High rate of NTLM login failures originating from untrusted subnet,2026-07-12T15:06:00+05:30,2026-07-12T15:12:00+05:30,,IN_PROGRESS,,P. Nair
ALT-3012,CSE-03,RTU-SUB-05,LOW,c2,Beaconing traffic to known suspicious external IP,Periodic low-volume outbound connections at fixed intervals,2026-07-19T00:58:00+05:30,2026-07-19T01:18:00+05:30,2026-07-19T05:45:00+05:30,CLOSED,Source IP null-routed at edge firewall,K. Rao
ALT-3013,CSE-05,GATEWAY-DMZ-01,MEDIUM,port-scan,SYN sweep detected across substation network segment,Half-open SYN packets rapidly received across 1-1024 port range,2026-08-02T07:24:00+05:30,2026-08-02T07:28:00+05:30,2026-08-02T16:24:00+05:30,RESOLVED,Accounts locked - no compromise confirmed,P. Nair
ALT-3014,CSE-07,RTU-SUB-01,HIGH,brute-force,Multiple RDP failed logons on historian node,Burst of failed authentication handshakes targeting remote access console,2026-07-12T18:07:00+05:30,2026-07-12T18:26:00+05:30,,ACKNOWLEDGED,,
ALT-3015,CSE-02,HIST-SRV-01,CRITICAL,c2,Encrypted reverse shell communication from maintenance workstation,Persistent TLS session established to unclassified external endpoint,2026-07-17T09:28:00+05:30,2026-07-17T09:41:00+05:30,,ACKNOWLEDGED,,K. Rao
ALT-3016,CSE-02,RTU-SUB-01,CRITICAL,c2,Beaconing traffic to known suspicious external IP,Periodic low-volume outbound connections at fixed intervals,2026-07-29T06:46:00+05:30,2026-07-29T06:57:00+05:30,2026-07-29T10:22:00+05:30,CLOSED,Confirmed reconnaissance - source blocked,R. Iyer
ALT-3017,CSE-04,RTU-SUB-05,CRITICAL,ddos,SYN flood exhausting SCADA telecontrol interface,High-bandwidth NTP/DNS reflection flood impacting telemetry transmission,2026-07-17T19:38:00+05:30,2026-07-17T19:56:00+05:30,2026-07-18T01:11:00+05:30,CLOSED,Confirmed reconnaissance - source blocked,A. Sharma
ALT-3018,CSE-07,EN-SCADA-04,CRITICAL,ddos,UDP amplification traffic targeted at field network switch,Inbound byte volume exceeded baseline by over 500%,2026-07-14T11:47:00+05:30,2026-07-14T11:57:00+05:30,2026-07-14T19:54:00+05:30,CLOSED,Patched and verified,K. Rao
ALT-3019,CSE-05,ENG-WRK-02,HIGH,credential-stuffing,Automated credential replay attacking telemetry API,Coordinated brute-force replay utilizing breached username/password pairs,2026-07-20T13:27:00+05:30,2026-07-20T13:50:00+05:30,,ACKNOWLEDGED,,S. Verma
ALT-3020,CSE-03,PL-PLC-12,HIGH,exploit-attempt,Exploit payload targeting known CVE on exposed service,Packet structure matched signature for CVE-2023 remote execution attempt,2026-07-14T05:18:00+05:30,,,OPEN,,
ALT-3021,CSE-01,EN-SCADA-01,HIGH,sql-injection,Blind SQL injection heuristic triggered on API gateway,Time-delay SQL injection signature matched in asset query request,2026-07-30T09:20:00+05:30,2026-07-30T09:39:00+05:30,2026-07-30T11:28:00+05:30,RESOLVED,Compromised host isolated and imaged,
ALT-3022,CSE-01,EN-SCADA-01,HIGH,exploit-attempt,Buffer overflow probe targeting legacy PLC firmware,Malicious byte sequence designed to trigger stack corruption detected,2026-08-04T12:02:00+05:30,2026-08-04T12:16:00+05:30,,IN_PROGRESS,,A. Sharma
ALT-3023,CSE-07,EN-SCADA-01,MEDIUM,port-scan,Sequential port scan against historian server,Half-open SYN packets rapidly received across 1-1024 port range,2026-07-08T13:28:00+05:30,2026-07-08T13:53:00+05:30,,ACKNOWLEDGED,,R. Iyer
ALT-3024,CSE-03,ENG-WRK-07,MEDIUM,xss,Stored XSS pattern detected in system event log comments,Reflected DOM manipulation attempt flagged in HTTP GET request,2026-07-21T22:24:00+05:30,2026-07-21T22:33:00+05:30,,ACKNOWLEDGED,,P. Nair
ALT-3025,CSE-03,EN-SCADA-02,CRITICAL,ddos,UDP amplification traffic targeted at field network switch,High-bandwidth NTP/DNS reflection flood impacting telemetry transmission,2026-08-04T17:11:00+05:30,2026-08-04T17:13:00+05:30,,ACKNOWLEDGED,,A. Sharma
ALT-3026,CSE-07,GATEWAY-DMZ-01,CRITICAL,port-scan,Sequential port scan against historian server,Stealth FIN scan detected targeting SCADA network perimeter,2026-07-16T22:53:00+05:30,2026-07-16T23:16:00+05:30,2026-07-17T02:37:00+05:30,CLOSED,Confirmed reconnaissance - source blocked,K. Rao
ALT-3027,CSE-02,EN-SCADA-04,HIGH,sql-injection,Blind SQL injection heuristic triggered on API gateway,HTTP request to internal web portal contained SQL injection syntax,2026-07-31T22:35:00+05:30,2026-07-31T22:43:00+05:30,,IN_PROGRESS,,
ALT-3028,CSE-01,RTU-SUB-05,HIGH,exploit-attempt,Buffer overflow probe targeting legacy PLC firmware,Packet structure matched signature for CVE-2023 remote execution attempt,2026-08-06T17:15:00+05:30,,,OPEN,,
ALT-3029,CSE-03,,CRITICAL,c2,Encrypted reverse shell communication from maintenance workstation,Persistent TLS session established to unclassified external endpoint,2026-07-29T08:53:00+05:30,2026-07-29T09:06:00+05:30,2026-07-29T18:27:00+05:30,RESOLVED,Accounts locked - no compromise confirmed,
ALT-3030,CSE-02,EN-SCADA-02,CRITICAL,ddos,SYN flood exhausting SCADA telecontrol interface,Inbound byte volume exceeded baseline by over 500%,2026-07-25T23:15:00+05:30,2026-07-25T23:27:00+05:30,,ACKNOWLEDGED,,R. Iyer
ALT-3031,CSE-05,EN-SCADA-01,CRITICAL,xss,Suspicious script payload in web form submission,Web application firewall flagged embedded script tags in input fields,2026-07-17T02:17:00+05:30,2026-07-17T02:29:00+05:30,,ACKNOWLEDGED,,S. Verma
ALT-3032,CSE-01,TR-OPS-03,HIGH,brute-force,Repeated authentication failures on SCADA gateway,Burst of failed authentication handshakes targeting remote access console,2026-08-05T15:20:00+05:30,2026-08-05T15:30:00+05:30,,IN_PROGRESS,,A. Sharma
ALT-3033,CSE-01,,LOW,xss,Cross-site scripting vector identified in operator console,Reflected DOM manipulation attempt flagged in HTTP GET request,2026-07-18T21:50:00+05:30,,,OPEN,,
ALT-3034,CSE-05,,MEDIUM,port-scan,Distributed reconnaissance probing OT gateway,Sequential low-byte TCP connections observed across multiple ports,2026-07-12T00:40:00+05:30,,,OPEN,,
ALT-3035,CSE-04,ENG-WRK-02,MEDIUM,port-scan,Sequential port scan against historian server,Half-open SYN packets rapidly received across 1-1024 port range,2026-07-10T15:05:00+05:30,2026-07-10T15:26:00+05:30,,IN_PROGRESS,,
ALT-3036,CSE-04,EN-SCADA-04,MEDIUM,port-scan,Distributed reconnaissance probing OT gateway,Sequential low-byte TCP connections observed across multiple ports,2026-07-21T13:22:00+05:30,2026-07-21T13:36:00+05:30,2026-07-21T15:45:00+05:30,RESOLVED,Compromised host isolated and imaged,P. Nair
ALT-3037,CSE-02,EN-SCADA-01,HIGH,exploit-attempt,Buffer overflow probe targeting legacy PLC firmware,Packet structure matched signature for CVE-2023 remote execution attempt,2026-08-05T07:36:00+05:30,,,OPEN,,
ALT-3038,CSE-07,EN-SCADA-01,HIGH,exploit-attempt,Remote code execution string identified in Modbus/TCP stream,Traffic contained a known exploit signature targeting unpatched software,2026-07-13T01:13:00+05:30,,,OPEN,,
ALT-3039,CSE-01,PL-PLC-12,HIGH,sql-injection,SQL syntax anomaly in historian web reporting interface,Union-based SELECT payload identified in user parameter field,2026-07-27T07:06:00+05:30,2026-07-27T07:31:00+05:30,2026-07-27T15:26:00+05:30,RESOLVED,Accounts locked - no compromise confirmed,A. Sharma
ALT-3040,CSE-02,EN-SCADA-02,HIGH,brute-force,Multiple RDP failed logons on historian node,High rate of NTLM login failures originating from untrusted subnet,2026-07-31T11:43:00+05:30,2026-07-31T11:54:00+05:30,,IN_PROGRESS,,K. Rao
ALT-3041,CSE-05,TR-OPS-14,HIGH,sql-injection,Blind SQL injection heuristic triggered on API gateway,Union-based SELECT payload identified in user parameter field,2026-07-21T09:10:00+05:30,2026-07-21T09:12:00+05:30,,IN_PROGRESS,,K. Rao
ALT-3042,CSE-05,TR-OPS-14,HIGH,brute-force,Multiple RDP failed logons on historian node,TCP traffic on port 22 showed 40+ failed auth attempts within 60s,2026-07-27T08:15:00+05:30,2026-07-27T08:23:00+05:30,,IN_PROGRESS,,A. Sharma
ALT-3043,CSE-07,PL-PLC-12,MEDIUM,port-scan,Distributed reconnaissance probing OT gateway,Half-open SYN packets rapidly received across 1-1024 port range,2026-07-29T09:46:00+05:30,2026-07-29T10:10:00+05:30,2026-07-29T16:10:00+05:30,CLOSED,False positive - verified scheduled maintenance,K. Rao
ALT-3044,CSE-03,,HIGH,credential-stuffing,Distributed account takeover attempts across operator accounts,Automated login attempts observed across multiple accounts,2026-07-30T16:56:00+05:30,2026-07-30T16:58:00+05:30,,ACKNOWLEDGED,,
ALT-3045,CSE-02,RTU-SUB-01,HIGH,exploit-attempt,Exploit payload targeting known CVE on exposed service,Malicious byte sequence designed to trigger stack corruption detected,2026-07-23T05:21:00+05:30,2026-07-23T05:29:00+05:30,2026-07-23T12:55:00+05:30,RESOLVED,Accounts locked - no compromise confirmed,R. Iyer
ALT-3046,CSE-03,EN-SCADA-01,MEDIUM,port-scan,Distributed reconnaissance probing OT gateway,Sequential low-byte TCP connections observed across multiple ports,2026-07-14T14:47:00+05:30,2026-07-14T15:03:00+05:30,,IN_PROGRESS,,A. Sharma
ALT-3047,CSE-07,ENG-WRK-07,MEDIUM,brute-force,Repeated authentication failures on SCADA gateway,High rate of NTLM login failures originating from untrusted subnet,2026-07-16T01:27:00+05:30,2026-07-16T01:37:00+05:30,,ACKNOWLEDGED,,
ALT-3048,CSE-02,ENG-WRK-02,MEDIUM,xss,Suspicious script payload in web form submission,Web application firewall flagged embedded script tags in input fields,2026-07-20T01:11:00+05:30,,,OPEN,,
ALT-3049,CSE-02,GATEWAY-DMZ-01,MEDIUM,port-scan,Sequential port scan against historian server,Half-open SYN packets rapidly received across 1-1024 port range,2026-07-28T21:32:00+05:30,2026-07-28T21:45:00+05:30,,ACKNOWLEDGED,,S. Verma
ALT-3050,CSE-07,PL-PLC-09,LOW,c2,Beaconing traffic to known suspicious external IP,Periodic low-volume outbound connections at fixed intervals,2026-07-14T02:06:00+05:30,2026-07-14T02:14:00+05:30,,ACKNOWLEDGED,,K. Rao
ALT-3051,CSE-04,ENG-WRK-07,HIGH,credential-stuffing,Automated credential replay attacking telemetry API,Automated login attempts observed across multiple accounts,2026-07-10T05:42:00+05:30,2026-07-10T06:02:00+05:30,2026-07-10T09:40:00+05:30,CLOSED,False positive - verified scheduled maintenance,A. Sharma
ALT-3052,CSE-03,RTU-SUB-01,HIGH,brute-force,SSH credential brute force against engineering server,TCP traffic on port 22 showed 40+ failed auth attempts within 60s,2026-07-31T06:24:00+05:30,2026-07-31T06:41:00+05:30,2026-07-31T10:43:00+05:30,CLOSED,Confirmed reconnaissance - source blocked,P. Nair
ALT-3053,CSE-07,EN-SCADA-04,HIGH,sql-injection,Blind SQL injection heuristic triggered on API gateway,Time-delay SQL injection signature matched in asset query request,2026-07-25T04:02:00+05:30,2026-07-25T04:20:00+05:30,2026-07-25T12:42:00+05:30,RESOLVED,Accounts locked - no compromise confirmed,S. Verma
ALT-3054,CSE-07,ENG-WRK-07,HIGH,exploit-attempt,Buffer overflow probe targeting legacy PLC firmware,Malicious byte sequence designed to trigger stack corruption detected,2026-07-20T08:20:00+05:30,2026-07-20T08:34:00+05:30,2026-07-20T09:42:00+05:30,CLOSED,Patched and verified,A. Sharma
ALT-3055,CSE-02,,MEDIUM,xss,Cross-site scripting vector identified in operator console,Unsanitized HTML payload containing JavaScript tags blocked at gateway,2026-07-25T07:07:00+05:30,2026-07-25T07:14:00+05:30,2026-07-25T14:15:00+05:30,CLOSED,False positive - verified scheduled maintenance,K. Rao
ALT-3056,CSE-01,TR-OPS-14,MEDIUM,port-scan,Distributed reconnaissance probing OT gateway,Half-open SYN packets rapidly received across 1-1024 port range,2026-07-18T14:39:00+05:30,2026-07-18T14:42:00+05:30,2026-07-18T23:20:00+05:30,CLOSED,False positive - verified scheduled maintenance,P. Nair
ALT-3057,CSE-04,,CRITICAL,c2,Periodic outbound telemetry to unverified DNS domain,Command-and-control beacon signature matched in egress traffic,2026-07-20T13:27:00+05:30,2026-07-20T13:29:00+05:30,2026-07-20T17:15:00+05:30,RESOLVED,Firewall rule applied - traffic suppressed,A. Sharma
ALT-3058,CSE-03,EN-SCADA-04,HIGH,credential-stuffing,Automated credential replay attacking telemetry API,WAF detected bot-driven authentication cycling from rotating source IPs,2026-08-02T00:20:00+05:30,,,OPEN,,
ALT-3059,CSE-02,TR-OPS-03,MEDIUM,port-scan,Sequential port scan against historian server,Stealth FIN scan detected targeting SCADA network perimeter,2026-07-17T06:02:00+05:30,2026-07-17T06:10:00+05:30,,IN_PROGRESS,,
ALT-3060,CSE-03,RTU-SUB-05,CRITICAL,ddos,UDP amplification traffic targeted at field network switch,High packet-per-second SYN burst causing connection pool exhaustion,2026-07-16T19:28:00+05:30,2026-07-16T19:34:00+05:30,2026-07-17T00:40:00+05:30,CLOSED,Confirmed reconnaissance - source blocked,S. Verma
ALT-3061,CSE-03,ENG-WRK-07,LOW,c2,Periodic outbound telemetry to unverified DNS domain,Persistent TLS session established to unclassified external endpoint,2026-07-31T11:11:00+05:30,2026-07-31T11:25:00+05:30,,ACKNOWLEDGED,,A. Sharma
ALT-3062,CSE-02,PL-PLC-12,HIGH,exploit-attempt,Remote code execution string identified in Modbus/TCP stream,Packet structure matched signature for CVE-2023 remote execution attempt,2026-07-29T11:14:00+05:30,2026-07-29T11:26:00+05:30,2026-07-29T13:26:00+05:30,RESOLVED,Firewall rule applied - traffic suppressed,A. Sharma
ALT-3063,CSE-04,,MEDIUM,xss,Stored XSS pattern detected in system event log comments,Web application firewall flagged embedded script tags in input fields,2026-07-25T04:31:00+05:30,2026-07-25T04:51:00+05:30,,ACKNOWLEDGED,,A. Sharma
ALT-3064,CSE-03,EN-SCADA-01,HIGH,exploit-attempt,Buffer overflow probe targeting legacy PLC firmware,Traffic contained a known exploit signature targeting unpatched software,2026-07-27T05:04:00+05:30,2026-07-27T05:27:00+05:30,2026-07-27T12:42:00+05:30,RESOLVED,Compromised host isolated and imaged,K. Rao
ALT-3065,CSE-03,ENG-WRK-02,HIGH,brute-force,Repeated authentication failures on SCADA gateway,TCP traffic on port 22 showed 40+ failed auth attempts within 60s,2026-07-15T03:07:00+05:30,2026-07-15T03:27:00+05:30,,IN_PROGRESS,,
ALT-3066,CSE-05,GATEWAY-DMZ-01,CRITICAL,c2,Periodic outbound telemetry to unverified DNS domain,Periodic low-volume outbound connections at fixed intervals,2026-08-01T11:03:00+05:30,2026-08-01T11:11:00+05:30,2026-08-01T19:54:00+05:30,RESOLVED,Accounts locked - no compromise confirmed,S. Verma
ALT-3067,CSE-05,,CRITICAL,ddos,Volumetric traffic spike against signalling gateway,High-bandwidth NTP/DNS reflection flood impacting telemetry transmission,2026-08-02T07:10:00+05:30,2026-08-02T07:13:00+05:30,,ACKNOWLEDGED,,
ALT-3068,CSE-05,,HIGH,brute-force,Repeated authentication failures on SCADA gateway,High rate of NTLM login failures originating from untrusted subnet,2026-07-21T01:15:00+05:30,2026-07-21T01:24:00+05:30,,ACKNOWLEDGED,,S. Verma
ALT-3069,CSE-07,EN-SCADA-04,HIGH,exploit-attempt,Remote code execution string identified in Modbus/TCP stream,Traffic contained a known exploit signature targeting unpatched software,2026-07-15T22:55:00+05:30,2026-07-15T23:10:00+05:30,,IN_PROGRESS,,P. Nair
ALT-3070,CSE-02,TR-OPS-03,HIGH,sql-injection,SQL syntax anomaly in historian web reporting interface,Time-delay SQL injection signature matched in asset query request,2026-07-11T06:21:00+05:30,2026-07-11T06:29:00+05:30,2026-07-11T09:19:00+05:30,RESOLVED,Accounts locked - no compromise confirmed,S. Verma
ALT-3071,CSE-04,,HIGH,sql-injection,SQL syntax anomaly in historian web reporting interface,Time-delay SQL injection signature matched in asset query request,2026-07-17T08:57:00+05:30,2026-07-17T09:21:00+05:30,2026-07-17T17:31:00+05:30,CLOSED,False positive - verified scheduled maintenance,A. Sharma
ALT-3072,CSE-01,TR-OPS-14,HIGH,exploit-attempt,Buffer overflow probe targeting legacy PLC firmware,Packet structure matched signature for CVE-2023 remote execution attempt,2026-07-19T08:51:00+05:30,2026-07-19T09:03:00+05:30,2026-07-19T17:58:00+05:30,CLOSED,Source IP null-routed at edge firewall,P. Nair
ALT-3073,CSE-05,EN-SCADA-02,MEDIUM,port-scan,SYN sweep detected across substation network segment,Half-open SYN packets rapidly received across 1-1024 port range,2026-07-21T16:08:00+05:30,2026-07-21T16:29:00+05:30,2026-07-21T19:52:00+05:30,RESOLVED,Firewall rule applied - traffic suppressed,A. Sharma
ALT-3074,CSE-02,,HIGH,exploit-attempt,Remote code execution string identified in Modbus/TCP stream,Traffic contained a known exploit signature targeting unpatched software,2026-08-03T00:19:00+05:30,,,OPEN,,
ALT-3075,CSE-01,RTU-SUB-01,HIGH,sql-injection,Blind SQL injection heuristic triggered on API gateway,Time-delay SQL injection signature matched in asset query request,2026-07-21T10:04:00+05:30,,,OPEN,,
ALT-3076,CSE-07,PL-PLC-12,HIGH,exploit-attempt,Remote code execution string identified in Modbus/TCP stream,Traffic contained a known exploit signature targeting unpatched software,2026-07-24T22:00:00+05:30,,,OPEN,,
ALT-3077,CSE-05,ENG-WRK-02,CRITICAL,c2,Periodic outbound telemetry to unverified DNS domain,Periodic low-volume outbound connections at fixed intervals,2026-07-31T04:00:00+05:30,,,OPEN,,
ALT-3078,CSE-01,,CRITICAL,c2,Periodic outbound telemetry to unverified DNS domain,Periodic low-volume outbound connections at fixed intervals,2026-07-26T04:31:00+05:30,,,OPEN,,R. Iyer
ALT-3079,CSE-07,TR-OPS-14,HIGH,credential-stuffing,Distributed account takeover attempts across operator accounts,Coordinated brute-force replay utilizing breached username/password pairs,2026-07-29T03:10:00+05:30,,,OPEN,,
ALT-3080,CSE-02,,HIGH,sql-injection,SQL syntax anomaly in historian web reporting interface,HTTP request to internal web portal contained SQL injection syntax,2026-07-15T21:34:00+05:30,,,OPEN,,
ALT-3081,CSE-02,HIST-SRV-01,MEDIUM,port-scan,SYN sweep detected across substation network segment,Sequential low-byte TCP connections observed across multiple ports,2026-07-11T15:59:00+05:30,,,OPEN,,
ALT-3082,CSE-02,,HIGH,credential-stuffing,Automated credential replay attacking telemetry API,Automated login attempts observed across multiple accounts,2026-08-01T08:39:00+05:30,2026-08-01T08:55:00+05:30,,ACKNOWLEDGED,,
ALT-3083,CSE-01,TR-OPS-03,CRITICAL,c2,Periodic outbound telemetry to unverified DNS domain,Periodic low-volume outbound connections at fixed intervals,2026-08-04T08:38:00+05:30,,,OPEN,,P. Nair
ALT-3084,CSE-02,RTU-SUB-01,MEDIUM,credential-stuffing,High-volume login attempts using leaked credentials,Automated login attempts observed across multiple accounts,2026-07-27T07:50:00+05:30,,,OPEN,,
ALT-3085,CSE-03,PL-PLC-12,MEDIUM,port-scan,Sequential port scan against historian server,Stealth FIN scan detected targeting SCADA network perimeter,2026-07-15T18:37:00+05:30,2026-07-15T18:40:00+05:30,,ACKNOWLEDGED,,P. Nair
ALT-3086,CSE-05,TR-OPS-03,HIGH,credential-stuffing,Automated credential replay attacking telemetry API,Automated login attempts observed across multiple accounts,2026-08-05T13:33:00+05:30,2026-08-05T13:52:00+05:30,,ACKNOWLEDGED,,P. Nair
ALT-3087,CSE-04,TR-OPS-03,MEDIUM,xss,Cross-site scripting vector identified in operator console,Unsanitized HTML payload containing JavaScript tags blocked at gateway,2026-07-16T00:53:00+05:30,,,OPEN,,
ALT-3088,CSE-03,EN-SCADA-01,CRITICAL,c2,Beaconing traffic to known suspicious external IP,Periodic low-volume outbound connections at fixed intervals,2026-08-07T01:55:00+05:30,2026-08-07T02:17:00+05:30,,IN_PROGRESS,,K. Rao
ALT-3089,CSE-03,EN-SCADA-02,CRITICAL,port-scan,SYN sweep detected across substation network segment,Stealth FIN scan detected targeting SCADA network perimeter,2026-07-30T20:55:00+05:30,,,OPEN,,
ALT-3090,CSE-05,PL-PLC-09,HIGH,ddos,UDP amplification traffic targeted at field network switch,High-bandwidth NTP/DNS reflection flood impacting telemetry transmission,2026-07-25T19:40:00+05:30,2026-07-25T19:52:00+05:30,,ACKNOWLEDGED,,A. Sharma
ALT-3091,CSE-07,ENG-WRK-02,HIGH,exploit-attempt,Exploit payload targeting known CVE on exposed service,Packet structure matched signature for CVE-2023 remote execution attempt,2026-08-03T18:15:00+05:30,2026-08-03T18:29:00+05:30,2026-08-04T03:43:00+05:30,RESOLVED,Compromised host isolated and imaged,
ALT-3092,CSE-02,EN-SCADA-01,MEDIUM,xss,Suspicious script payload in web form submission,Unsanitized HTML payload containing JavaScript tags blocked at gateway,2026-07-18T21:27:00+05:30,2026-07-18T21:36:00+05:30,2026-07-18T23:33:00+05:30,RESOLVED,Accounts locked - no compromise confirmed,A. Sharma
ALT-3093,CSE-03,,CRITICAL,ddos,SYN flood exhausting SCADA telecontrol interface,Inbound byte volume exceeded baseline by over 500%,2026-08-06T08:31:00+05:30,,,OPEN,,
ALT-3094,CSE-05,,HIGH,credential-stuffing,Distributed account takeover attempts across operator accounts,WAF detected bot-driven authentication cycling from rotating source IPs,2026-07-09T22:30:00+05:30,2026-07-09T22:45:00+05:30,2026-07-10T04:10:00+05:30,CLOSED,Confirmed reconnaissance - source blocked,A. Sharma
ALT-3095,CSE-07,ENG-WRK-02,HIGH,credential-stuffing,Automated credential replay attacking telemetry API,Automated login attempts observed across multiple accounts,2026-07-19T10:30:00+05:30,2026-07-19T10:51:00+05:30,,ACKNOWLEDGED,,P. Nair
ALT-3096,CSE-05,ENG-WRK-02,HIGH,sql-injection,Malformed query string on engineering portal,HTTP request to internal web portal contained SQL injection syntax,2026-07-30T12:15:00+05:30,,,OPEN,,
ALT-3097,CSE-01,TR-OPS-14,MEDIUM,xss,Suspicious script payload in web form submission,Reflected DOM manipulation attempt flagged in HTTP GET request,2026-08-02T02:44:00+05:30,2026-08-02T02:53:00+05:30,,ACKNOWLEDGED,,K. Rao
ALT-3098,CSE-01,,HIGH,exploit-attempt,Remote code execution string identified in Modbus/TCP stream,Traffic contained a known exploit signature targeting unpatched software,2026-07-19T06:46:00+05:30,2026-07-19T06:53:00+05:30,2026-07-19T11:45:00+05:30,RESOLVED,Firewall rule applied - traffic suppressed,S. Verma
ALT-3099,CSE-05,,MEDIUM,xss,Cross-site scripting vector identified in operator console,Web application firewall flagged embedded script tags in input fields,2026-07-24T12:00:00+05:30,2026-07-24T12:14:00+05:30,2026-07-24T15:36:00+05:30,RESOLVED,Firewall rule applied - traffic suppressed,P. Nair
ALT-3100,CSE-04,,CRITICAL,sql-injection,Malformed query string on engineering portal,Union-based SELECT payload identified in user parameter field,2026-07-27T14:04:00+05:30,,,OPEN,,
ALT-3101,CSE-03,TR-OPS-14,HIGH,sql-injection,SQL syntax anomaly in historian web reporting interface,Union-based SELECT payload identified in user parameter field,2026-07-28T18:42:00+05:30,2026-07-28T18:56:00+05:30,,IN_PROGRESS,,K. Rao
ALT-3102,CSE-05,,MEDIUM,port-scan,Distributed reconnaissance probing OT gateway,Half-open SYN packets rapidly received across 1-1024 port range,2026-07-17T01:01:00+05:30,2026-07-17T01:09:00+05:30,,ACKNOWLEDGED,,R. Iyer
ALT-3103,CSE-01,ENG-WRK-07,HIGH,exploit-attempt,Buffer overflow probe targeting legacy PLC firmware,Malicious byte sequence designed to trigger stack corruption detected,2026-07-25T02:49:00+05:30,2026-07-25T03:06:00+05:30,2026-07-25T08:49:00+05:30,RESOLVED,Compromised host isolated and imaged,K. Rao
ALT-3104,CSE-01,,LOW,brute-force,SSH credential brute force against engineering server,Burst of failed authentication handshakes targeting remote access console,2026-07-15T12:35:00+05:30,2026-07-15T12:50:00+05:30,,ACKNOWLEDGED,,S. Verma
ALT-3105,CSE-07,ENG-WRK-07,HIGH,exploit-attempt,Buffer overflow probe targeting legacy PLC firmware,Packet structure matched signature for CVE-2023 remote execution attempt,2026-07-10T18:16:00+05:30,2026-07-10T18:31:00+05:30,2026-07-10T23:13:00+05:30,RESOLVED,Accounts locked - no compromise confirmed,P. Nair
ALT-3106,CSE-01,ENG-WRK-07,HIGH,brute-force,Multiple RDP failed logons on historian node,TCP traffic on port 22 showed 40+ failed auth attempts within 60s,2026-07-20T00:41:00+05:30,2026-07-20T00:57:00+05:30,2026-07-20T03:56:00+05:30,CLOSED,False positive - verified scheduled maintenance,A. Sharma
ALT-3107,CSE-05,PL-PLC-09,HIGH,brute-force,Repeated authentication failures on SCADA gateway,Burst of failed authentication handshakes targeting remote access console,2026-07-25T15:03:00+05:30,2026-07-25T15:27:00+05:30,2026-07-25T17:10:00+05:30,RESOLVED,Compromised host isolated and imaged,A. Sharma
ALT-3108,CSE-04,PL-PLC-09,CRITICAL,c2,Periodic outbound telemetry to unverified DNS domain,Persistent TLS session established to unclassified external endpoint,2026-08-01T09:38:00+05:30,2026-08-01T09:58:00+05:30,2026-08-01T15:38:00+05:30,RESOLVED,Compromised host isolated and imaged,P. Nair
ALT-3109,CSE-07,EN-SCADA-04,MEDIUM,port-scan,SYN sweep detected across substation network segment,Sequential low-byte TCP connections observed across multiple ports,2026-07-20T09:05:00+05:30,2026-07-20T09:30:00+05:30,,ACKNOWLEDGED,,P. Nair
ALT-3110,CSE-07,HIST-SRV-01,CRITICAL,brute-force,Repeated authentication failures on SCADA gateway,TCP traffic on port 22 showed 40+ failed auth attempts within 60s,2026-07-11T07:32:00+05:30,2026-07-11T07:50:00+05:30,2026-07-11T15:23:00+05:30,RESOLVED,Compromised host isolated and imaged,S. Verma
ALT-3111,CSE-07,,HIGH,sql-injection,Malformed query string on engineering portal,Time-delay SQL injection signature matched in asset query request,2026-07-14T05:58:00+05:30,2026-07-14T06:15:00+05:30,,ACKNOWLEDGED,,A. Sharma
ALT-3112,CSE-05,TR-OPS-03,HIGH,exploit-attempt,Exploit payload targeting known CVE on exposed service,Traffic contained a known exploit signature targeting unpatched software,2026-07-17T06:43:00+05:30,,,OPEN,,
ALT-3113,CSE-02,RTU-SUB-05,CRITICAL,c2,Encrypted reverse shell communication from maintenance workstation,Periodic low-volume outbound connections at fixed intervals,2026-08-06T02:24:00+05:30,2026-08-06T02:28:00+05:30,,ACKNOWLEDGED,,S. Verma
ALT-3114,CSE-01,GATEWAY-DMZ-01,MEDIUM,port-scan,SYN sweep detected across substation network segment,Sequential low-byte TCP connections observed across multiple ports,2026-08-03T18:55:00+05:30,2026-08-03T19:12:00+05:30,,ACKNOWLEDGED,,P. Nair
ALT-3115,CSE-07,TR-OPS-03,HIGH,brute-force,Repeated authentication failures on SCADA gateway,Burst of failed authentication handshakes targeting remote access console,2026-08-03T15:26:00+05:30,,,OPEN,,K. Rao
ALT-3116,CSE-01,GATEWAY-DMZ-01,CRITICAL,ddos,SYN flood exhausting SCADA telecontrol interface,High-bandwidth NTP/DNS reflection flood impacting telemetry transmission,2026-07-27T16:19:00+05:30,2026-07-27T16:32:00+05:30,,IN_PROGRESS,,
ALT-3117,CSE-03,ENG-WRK-02,CRITICAL,xss,Cross-site scripting vector identified in operator console,Reflected DOM manipulation attempt flagged in HTTP GET request,2026-07-10T17:46:00+05:30,2026-07-10T17:58:00+05:30,,IN_PROGRESS,,R. Iyer
ALT-3118,CSE-01,,CRITICAL,c2,Beaconing traffic to known suspicious external IP,Periodic low-volume outbound connections at fixed intervals,2026-08-04T12:41:00+05:30,,,OPEN,,
ALT-3119,CSE-03,RTU-SUB-01,HIGH,credential-stuffing,Automated credential replay attacking telemetry API,WAF detected bot-driven authentication cycling from rotating source IPs,2026-07-29T18:17:00+05:30,2026-07-29T18:32:00+05:30,2026-07-29T22:14:00+05:30,CLOSED,Confirmed reconnaissance - source blocked,
ALT-3120,CSE-03,EN-SCADA-01,HIGH,credential-stuffing,Automated credential replay attacking telemetry API,Coordinated brute-force replay utilizing breached username/password pairs,2026-07-18T18:21:00+05:30,2026-07-18T18:38:00+05:30,2026-07-19T01:55:00+05:30,CLOSED,Confirmed reconnaissance - source blocked,S. Verma
ALT-3121,CSE-04,,MEDIUM,port-scan,SYN sweep detected across substation network segment,Stealth FIN scan detected targeting SCADA network perimeter,2026-07-17T00:19:00+05:30,2026-07-17T00:37:00+05:30,,ACKNOWLEDGED,,K. Rao
ALT-3122,CSE-07,EN-SCADA-02,HIGH,sql-injection,Malformed query string on engineering portal,Union-based SELECT payload identified in user parameter field,2026-08-02T02:37:00+05:30,2026-08-02T02:44:00+05:30,2026-08-02T10:58:00+05:30,RESOLVED,Accounts locked - no compromise confirmed,P. Nair
ALT-3123,CSE-07,RTU-SUB-01,MEDIUM,xss,Stored XSS pattern detected in system event log comments,Reflected DOM manipulation attempt flagged in HTTP GET request,2026-07-12T04:56:00+05:30,,,OPEN,,
ALT-3124,CSE-07,EN-SCADA-01,HIGH,sql-injection,SQL syntax anomaly in historian web reporting interface,Union-based SELECT payload identified in user parameter field,2026-07-18T03:57:00+05:30,2026-07-18T04:20:00+05:30,,IN_PROGRESS,,P. Nair
ALT-3125,CSE-07,TR-OPS-03,CRITICAL,sql-injection,Malformed query string on engineering portal,Time-delay SQL injection signature matched in asset query request,2026-07-23T06:45:00+05:30,2026-07-23T07:05:00+05:30,,ACKNOWLEDGED,,K. Rao
ALT-3126,CSE-01,ENG-WRK-02,CRITICAL,c2,Encrypted reverse shell communication from maintenance workstation,Persistent TLS session established to unclassified external endpoint,2026-08-02T16:59:00+05:30,2026-08-02T17:08:00+05:30,2026-08-02T21:32:00+05:30,RESOLVED,Firewall rule applied - traffic suppressed,R. Iyer
ALT-3127,CSE-03,EN-SCADA-04,MEDIUM,port-scan,Distributed reconnaissance probing OT gateway,Stealth FIN scan detected targeting SCADA network perimeter,2026-07-16T16:46:00+05:30,,,OPEN,,
ALT-3128,CSE-02,ENG-WRK-02,CRITICAL,c2,Beaconing traffic to known suspicious external IP,Command-and-control beacon signature matched in egress traffic,2026-07-10T22:50:00+05:30,2026-07-10T23:09:00+05:30,2026-07-11T02:49:00+05:30,CLOSED,Source IP null-routed at edge firewall,P. Nair
ALT-3129,CSE-03,ENG-WRK-07,HIGH,sql-injection,Blind SQL injection heuristic triggered on API gateway,Time-delay SQL injection signature matched in asset query request,2026-07-18T05:53:00+05:30,,,OPEN,,
ALT-3130,CSE-05,,HIGH,credential-stuffing,Distributed account takeover attempts across operator accounts,Automated login attempts observed across multiple accounts,2026-07-30T21:12:00+05:30,2026-07-30T21:18:00+05:30,2026-07-31T02:47:00+05:30,RESOLVED,Accounts locked - no compromise confirmed,
ALT-3131,CSE-07,EN-SCADA-02,HIGH,credential-stuffing,Automated credential replay attacking telemetry API,Automated login attempts observed across multiple accounts,2026-07-20T13:55:00+05:30,2026-07-20T14:12:00+05:30,2026-07-20T18:20:00+05:30,CLOSED,Source IP null-routed at edge firewall,S. Verma
ALT-3132,CSE-07,GATEWAY-DMZ-01,HIGH,brute-force,Repeated authentication failures on SCADA gateway,Burst of failed authentication handshakes targeting remote access console,2026-07-17T17:17:00+05:30,2026-07-17T17:41:00+05:30,,ACKNOWLEDGED,,
ALT-3133,CSE-01,PL-PLC-09,HIGH,exploit-attempt,Buffer overflow probe targeting legacy PLC firmware,Packet structure matched signature for CVE-2023 remote execution attempt,2026-07-15T09:07:00+05:30,,,OPEN,,
ALT-3134,CSE-03,,CRITICAL,exploit-attempt,Buffer overflow probe targeting legacy PLC firmware,Traffic contained a known exploit signature targeting unpatched software,2026-08-01T03:47:00+05:30,2026-08-01T03:58:00+05:30,,IN_PROGRESS,,
ALT-3135,CSE-02,GATEWAY-DMZ-01,MEDIUM,port-scan,Distributed reconnaissance probing OT gateway,Sequential low-byte TCP connections observed across multiple ports,2026-07-21T23:22:00+05:30,2026-07-21T23:44:00+05:30,2026-07-22T02:54:00+05:30,RESOLVED,Compromised host isolated and imaged,A. Sharma
ALT-3136,CSE-04,,MEDIUM,ddos,Volumetric traffic spike against signalling gateway,High-bandwidth NTP/DNS reflection flood impacting telemetry transmission,2026-07-17T00:57:00+05:30,,,OPEN,,
ALT-3137,CSE-05,TR-OPS-03,HIGH,sql-injection,SQL syntax anomaly in historian web reporting interface,Time-delay SQL injection signature matched in asset query request,2026-07-15T18:59:00+05:30,,,OPEN,,P. Nair
ALT-3138,CSE-02,EN-SCADA-02,HIGH,port-scan,Distributed reconnaissance probing OT gateway,Half-open SYN packets rapidly received across 1-1024 port range,2026-07-14T21:31:00+05:30,2026-07-14T21:40:00+05:30,2026-07-14T22:50:00+05:30,RESOLVED,Accounts locked - no compromise confirmed,A. Sharma
ALT-3139,CSE-04,,CRITICAL,ddos,Volumetric traffic spike against signalling gateway,High-bandwidth NTP/DNS reflection flood impacting telemetry transmission,2026-07-25T05:15:00+05:30,,,OPEN,,
ALT-3140,CSE-07,GATEWAY-DMZ-01,CRITICAL,ddos,SYN flood exhausting SCADA telecontrol interface,High packet-per-second SYN burst causing connection pool exhaustion,2026-07-08T15:55:00+05:30,,,OPEN,,R. Iyer
ALT-3141,CSE-04,RTU-SUB-01,HIGH,brute-force,Multiple RDP failed logons on historian node,High rate of NTLM login failures originating from untrusted subnet,2026-07-20T14:13:00+05:30,,,OPEN,,
ALT-3142,CSE-02,GATEWAY-DMZ-01,CRITICAL,exploit-attempt,Buffer overflow probe targeting legacy PLC firmware,Packet structure matched signature for CVE-2023 remote execution attempt,2026-07-13T20:02:00+05:30,,,OPEN,,
ALT-3143,CSE-07,PL-PLC-09,LOW,c2,Periodic outbound telemetry to unverified DNS domain,Persistent TLS session established to unclassified external endpoint,2026-08-01T13:09:00+05:30,2026-08-01T13:26:00+05:30,2026-08-01T14:59:00+05:30,CLOSED,Confirmed reconnaissance - source blocked,A. Sharma
ALT-3144,CSE-07,TR-OPS-03,MEDIUM,sql-injection,Malformed query string on engineering portal,Time-delay SQL injection signature matched in asset query request,2026-07-28T11:44:00+05:30,2026-07-28T11:49:00+05:30,,IN_PROGRESS,,R. Iyer
ALT-3145,CSE-02,PL-PLC-12,HIGH,sql-injection,SQL syntax anomaly in historian web reporting interface,HTTP request to internal web portal contained SQL injection syntax,2026-07-11T23:40:00+05:30,,,OPEN,,
ALT-3146,CSE-03,PL-PLC-09,LOW,c2,Beaconing traffic to known suspicious external IP,Command-and-control beacon signature matched in egress traffic,2026-07-10T05:40:00+05:30,2026-07-10T05:51:00+05:30,2026-07-10T15:31:00+05:30,CLOSED,Source IP null-routed at edge firewall,A. Sharma
ALT-3147,CSE-05,,HIGH,credential-stuffing,Distributed account takeover attempts across operator accounts,WAF detected bot-driven authentication cycling from rotating source IPs,2026-08-01T15:07:00+05:30,2026-08-01T15:15:00+05:30,2026-08-01T17:33:00+05:30,CLOSED,Confirmed reconnaissance - source blocked,A. Sharma
ALT-3148,CSE-01,PL-PLC-12,HIGH,sql-injection,Malformed query string on engineering portal,HTTP request to internal web portal contained SQL injection syntax,2026-08-04T12:57:00+05:30,2026-08-04T13:05:00+05:30,2026-08-04T19:49:00+05:30,CLOSED,False positive - verified scheduled maintenance,A. Sharma
ALT-3149,CSE-07,,MEDIUM,port-scan,SYN sweep detected across substation network segment,Half-open SYN packets rapidly received across 1-1024 port range,2026-08-06T16:58:00+05:30,2026-08-06T17:12:00+05:30,,ACKNOWLEDGED,,P. Nair
ALT-3150,CSE-01,RTU-SUB-05,MEDIUM,c2,Encrypted reverse shell communication from maintenance workstation,Periodic low-volume outbound connections at fixed intervals,2026-07-11T08:19:00+05:30,2026-07-11T08:41:00+05:30,,IN_PROGRESS,,
ALT-3151,CSE-07,PL-PLC-12,HIGH,credential-stuffing,Automated credential replay attacking telemetry API,WAF detected bot-driven authentication cycling from rotating source IPs,2026-08-04T16:00:00+05:30,2026-08-04T16:15:00+05:30,,ACKNOWLEDGED,,A. Sharma
ALT-3152,CSE-03,,CRITICAL,c2,Encrypted reverse shell communication from maintenance workstation,Periodic low-volume outbound connections at fixed intervals,2026-07-11T15:55:00+05:30,2026-07-11T16:00:00+05:30,,IN_PROGRESS,,K. Rao
ALT-3153,CSE-01,,MEDIUM,port-scan,Sequential port scan against historian server,Half-open SYN packets rapidly received across 1-1024 port range,2026-07-23T07:32:00+05:30,2026-07-23T07:38:00+05:30,,IN_PROGRESS,,A. Sharma
ALT-3154,CSE-03,EN-SCADA-01,MEDIUM,port-scan,Sequential port scan against historian server,Half-open SYN packets rapidly received across 1-1024 port range,2026-07-12T21:56:00+05:30,,,OPEN,,
ALT-3155,CSE-03,,MEDIUM,port-scan,Distributed reconnaissance probing OT gateway,Stealth FIN scan detected targeting SCADA network perimeter,2026-07-20T23:15:00+05:30,2026-07-20T23:25:00+05:30,2026-07-21T01:41:00+05:30,CLOSED,Confirmed reconnaissance - source blocked,A. Sharma
ALT-3156,CSE-03,GATEWAY-DMZ-01,HIGH,sql-injection,Blind SQL injection heuristic triggered on API gateway,Time-delay SQL injection signature matched in asset query request,2026-08-01T07:59:00+05:30,2026-08-01T08:20:00+05:30,2026-08-01T15:36:00+05:30,CLOSED,Source IP null-routed at edge firewall,K. Rao
ALT-3157,CSE-02,RTU-SUB-05,HIGH,brute-force,Multiple RDP failed logons on historian node,TCP traffic on port 22 showed 40+ failed auth attempts within 60s,2026-08-07T01:29:00+05:30,2026-08-07T01:35:00+05:30,,ACKNOWLEDGED,,P. Nair
ALT-3158,CSE-05,RTU-SUB-05,HIGH,brute-force,Multiple RDP failed logons on historian node,TCP traffic on port 22 showed 40+ failed auth attempts within 60s,2026-08-04T20:06:00+05:30,2026-08-04T20:30:00+05:30,2026-08-05T04:39:00+05:30,RESOLVED,Accounts locked - no compromise confirmed,P. Nair
ALT-3159,CSE-03,,CRITICAL,ddos,SYN flood exhausting SCADA telecontrol interface,High-bandwidth NTP/DNS reflection flood impacting telemetry transmission,2026-07-18T13:07:00+05:30,2026-07-18T13:29:00+05:30,,IN_PROGRESS,,R. Iyer
ALT-3160,CSE-03,,LOW,credential-stuffing,High-volume login attempts using leaked credentials,WAF detected bot-driven authentication cycling from rotating source IPs,2026-07-19T01:26:00+05:30,,,OPEN,,R. Iyer
ALT-3161,CSE-01,HIST-SRV-01,LOW,exploit-attempt,Buffer overflow probe targeting legacy PLC firmware,Packet structure matched signature for CVE-2023 remote execution attempt,2026-07-31T06:52:00+05:30,2026-07-31T07:09:00+05:30,,ACKNOWLEDGED,,P. Nair
ALT-3162,CSE-05,TR-OPS-03,CRITICAL,c2,Beaconing traffic to known suspicious external IP,Persistent TLS session established to unclassified external endpoint,2026-07-08T11:12:00+05:30,2026-07-08T11:36:00+05:30,2026-07-08T21:04:00+05:30,RESOLVED,Compromised host isolated and imaged,S. Verma
ALT-3163,CSE-02,EN-SCADA-02,MEDIUM,exploit-attempt,Exploit payload targeting known CVE on exposed service,Traffic contained a known exploit signature targeting unpatched software,2026-07-24T20:10:00+05:30,2026-07-24T20:28:00+05:30,,ACKNOWLEDGED,,S. Verma
ALT-3164,CSE-01,,HIGH,exploit-attempt,Buffer overflow probe targeting legacy PLC firmware,Traffic contained a known exploit signature targeting unpatched software,2026-07-23T12:23:00+05:30,2026-07-23T12:42:00+05:30,,ACKNOWLEDGED,,R. Iyer
ALT-3165,CSE-03,HIST-SRV-01,HIGH,exploit-attempt,Exploit payload targeting known CVE on exposed service,Traffic contained a known exploit signature targeting unpatched software,2026-08-05T20:39:00+05:30,2026-08-05T20:53:00+05:30,2026-08-06T01:06:00+05:30,CLOSED,False positive - verified scheduled maintenance,
ALT-3166,CSE-05,EN-SCADA-02,CRITICAL,exploit-attempt,Exploit payload targeting known CVE on exposed service,Malicious byte sequence designed to trigger stack corruption detected,2026-07-08T09:41:00+05:30,2026-07-08T09:57:00+05:30,2026-07-08T16:02:00+05:30,CLOSED,False positive - verified scheduled maintenance,S. Verma
ALT-3167,CSE-01,EN-SCADA-01,MEDIUM,credential-stuffing,Distributed account takeover attempts across operator accounts,Coordinated brute-force replay utilizing breached username/password pairs,2026-07-08T12:55:00+05:30,,,OPEN,,
ALT-3168,CSE-02,EN-SCADA-04,HIGH,sql-injection,SQL syntax anomaly in historian web reporting interface,HTTP request to internal web portal contained SQL injection syntax,2026-07-15T05:14:00+05:30,2026-07-15T05:23:00+05:30,,IN_PROGRESS,,P. Nair
ALT-3169,CSE-04,ENG-WRK-07,CRITICAL,ddos,Volumetric traffic spike against signalling gateway,High-bandwidth NTP/DNS reflection flood impacting telemetry transmission,2026-07-20T09:35:00+05:30,,,OPEN,,
ALT-3170,CSE-07,,HIGH,sql-injection,Blind SQL injection heuristic triggered on API gateway,Union-based SELECT payload identified in user parameter field,2026-07-08T09:35:00+05:30,2026-07-08T09:59:00+05:30,,IN_PROGRESS,,A. Sharma
ALT-3171,CSE-01,PL-PLC-12,CRITICAL,ddos,SYN flood exhausting SCADA telecontrol interface,High packet-per-second SYN burst causing connection pool exhaustion,2026-07-23T05:01:00+05:30,,,OPEN,,A. Sharma
ALT-3172,CSE-04,RTU-SUB-05,MEDIUM,port-scan,Distributed reconnaissance probing OT gateway,Half-open SYN packets rapidly received across 1-1024 port range,2026-07-13T22:26:00+05:30,2026-07-13T22:40:00+05:30,,IN_PROGRESS,,K. Rao
ALT-3173,CSE-07,GATEWAY-DMZ-01,HIGH,sql-injection,Malformed query string on engineering portal,HTTP request to internal web portal contained SQL injection syntax,2026-07-13T21:00:00+05:30,2026-07-13T21:13:00+05:30,,ACKNOWLEDGED,,K. Rao
ALT-3174,CSE-01,RTU-SUB-01,HIGH,brute-force,SSH credential brute force against engineering server,High rate of NTLM login failures originating from untrusted subnet,2026-08-04T07:25:00+05:30,,,OPEN,,
ALT-3175,CSE-03,HIST-SRV-01,HIGH,exploit-attempt,Buffer overflow probe targeting legacy PLC firmware,Traffic contained a known exploit signature targeting unpatched software,2026-08-05T05:50:00+05:30,2026-08-05T06:15:00+05:30,,ACKNOWLEDGED,,K. Rao
ALT-3176,CSE-02,RTU-SUB-01,CRITICAL,ddos,SYN flood exhausting SCADA telecontrol interface,High-bandwidth NTP/DNS reflection flood impacting telemetry transmission,2026-07-19T09:25:00+05:30,2026-07-19T09:33:00+05:30,2026-07-19T18:15:00+05:30,RESOLVED,Compromised host isolated and imaged,R. Iyer
ALT-3177,CSE-07,PL-PLC-09,MEDIUM,xss,Suspicious script payload in web form submission,Web application firewall flagged embedded script tags in input fields,2026-07-14T03:45:00+05:30,2026-07-14T03:48:00+05:30,2026-07-14T09:10:00+05:30,RESOLVED,Accounts locked - no compromise confirmed,A. Sharma
ALT-3178,CSE-04,EN-SCADA-01,MEDIUM,xss,Suspicious script payload in web form submission,Unsanitized HTML payload containing JavaScript tags blocked at gateway,2026-07-26T16:07:00+05:30,2026-07-26T16:18:00+05:30,2026-07-26T20:48:00+05:30,CLOSED,Patched and verified,S. Verma
ALT-3179,CSE-04,,HIGH,brute-force,Multiple RDP failed logons on historian node,TCP traffic on port 22 showed 40+ failed auth attempts within 60s,2026-07-21T23:36:00+05:30,,,OPEN,,S. Verma
ALT-3180,CSE-03,,MEDIUM,xss,Suspicious script payload in web form submission,Web application firewall flagged embedded script tags in input fields,2026-07-09T23:54:00+05:30,,,OPEN,,
ALT-3181,CSE-03,PL-PLC-12,CRITICAL,ddos,UDP amplification traffic targeted at field network switch,Inbound byte volume exceeded baseline by over 500%,2026-07-27T17:54:00+05:30,2026-07-27T18:04:00+05:30,,ACKNOWLEDGED,,P. Nair
ALT-3182,CSE-03,ENG-WRK-02,CRITICAL,ddos,UDP amplification traffic targeted at field network switch,Inbound byte volume exceeded baseline by over 500%,2026-08-02T05:55:00+05:30,2026-08-02T06:07:00+05:30,,ACKNOWLEDGED,,S. Verma
ALT-3183,CSE-07,ENG-WRK-07,HIGH,credential-stuffing,Distributed account takeover attempts across operator accounts,Automated login attempts observed across multiple accounts,2026-08-03T17:29:00+05:30,2026-08-03T17:33:00+05:30,2026-08-03T20:02:00+05:30,RESOLVED,Accounts locked - no compromise confirmed,
ALT-3184,CSE-07,TR-OPS-03,HIGH,brute-force,Multiple RDP failed logons on historian node,TCP traffic on port 22 showed 40+ failed auth attempts within 60s,2026-07-16T21:58:00+05:30,2026-07-16T22:03:00+05:30,2026-07-16T23:59:00+05:30,RESOLVED,Compromised host isolated and imaged,K. Rao
ALT-3185,CSE-03,HIST-SRV-01,MEDIUM,exploit-attempt,Remote code execution string identified in Modbus/TCP stream,Packet structure matched signature for CVE-2023 remote execution attempt,2026-07-15T03:06:00+05:30,,,OPEN,,P. Nair
ALT-3186,CSE-05,RTU-SUB-05,CRITICAL,credential-stuffing,Automated credential replay attacking telemetry API,WAF detected bot-driven authentication cycling from rotating source IPs,2026-07-13T11:30:00+05:30,2026-07-13T11:34:00+05:30,2026-07-13T20:29:00+05:30,RESOLVED,Firewall rule applied - traffic suppressed,K. Rao
ALT-3187,CSE-05,EN-SCADA-01,HIGH,sql-injection,Blind SQL injection heuristic triggered on API gateway,HTTP request to internal web portal contained SQL injection syntax,2026-07-21T07:37:00+05:30,,,OPEN,,
ALT-3188,CSE-01,PL-PLC-12,CRITICAL,c2,Encrypted reverse shell communication from maintenance workstation,Persistent TLS session established to unclassified external endpoint,2026-07-11T13:09:00+05:30,2026-07-11T13:25:00+05:30,,ACKNOWLEDGED,,K. Rao
ALT-3189,CSE-04,GATEWAY-DMZ-01,CRITICAL,c2,Beaconing traffic to known suspicious external IP,Periodic low-volume outbound connections at fixed intervals,2026-07-08T07:10:00+05:30,2026-07-08T07:30:00+05:30,,ACKNOWLEDGED,,A. Sharma
ALT-3190,CSE-05,EN-SCADA-01,HIGH,exploit-attempt,Remote code execution string identified in Modbus/TCP stream,Packet structure matched signature for CVE-2023 remote execution attempt,2026-07-19T21:57:00+05:30,2026-07-19T22:06:00+05:30,,IN_PROGRESS,,S. Verma
ALT-3191,CSE-07,RTU-SUB-05,MEDIUM,port-scan,Sequential port scan against historian server,Stealth FIN scan detected targeting SCADA network perimeter,2026-07-18T23:26:00+05:30,2026-07-18T23:29:00+05:30,,IN_PROGRESS,,
ALT-3192,CSE-02,RTU-SUB-05,HIGH,sql-injection,Malformed query string on engineering portal,Time-delay SQL injection signature matched in asset query request,2026-07-19T11:13:00+05:30,2026-07-19T11:32:00+05:30,,ACKNOWLEDGED,,R. Iyer
ALT-3193,CSE-01,ENG-WRK-07,HIGH,credential-stuffing,Automated credential replay attacking telemetry API,WAF detected bot-driven authentication cycling from rotating source IPs,2026-07-20T03:39:00+05:30,2026-07-20T03:54:00+05:30,,ACKNOWLEDGED,,K. Rao
ALT-3194,CSE-03,ENG-WRK-02,HIGH,brute-force,Repeated authentication failures on SCADA gateway,High rate of NTLM login failures originating from untrusted subnet,2026-07-18T02:45:00+05:30,2026-07-18T02:52:00+05:30,,IN_PROGRESS,,S. Verma
ALT-3195,CSE-01,TR-OPS-03,HIGH,c2,Encrypted reverse shell communication from maintenance workstation,Persistent TLS session established to unclassified external endpoint,2026-08-04T15:21:00+05:30,2026-08-04T15:29:00+05:30,2026-08-04T23:38:00+05:30,CLOSED,Patched and verified,S. Verma
ALT-3196,CSE-03,PL-PLC-12,CRITICAL,c2,Beaconing traffic to known suspicious external IP,Persistent TLS session established to unclassified external endpoint,2026-07-27T21:11:00+05:30,2026-07-27T21:17:00+05:30,,IN_PROGRESS,,P. Nair
ALT-3197,CSE-01,,HIGH,sql-injection,Malformed query string on engineering portal,HTTP request to internal web portal contained SQL injection syntax,2026-08-03T01:28:00+05:30,2026-08-03T01:53:00+05:30,2026-08-03T05:17:00+05:30,RESOLVED,Compromised host isolated and imaged,S. Verma
ALT-3198,CSE-01,HIST-SRV-01,CRITICAL,sql-injection,Blind SQL injection heuristic triggered on API gateway,Time-delay SQL injection signature matched in asset query request,2026-07-16T16:25:00+05:30,,,OPEN,,P. Nair
ALT-3199,CSE-02,,CRITICAL,c2,Encrypted reverse shell communication from maintenance workstation,Periodic low-volume outbound connections at fixed intervals,2026-07-08T16:07:00+05:30,2026-07-08T16:12:00+05:30,2026-07-08T23:18:00+05:30,CLOSED,Source IP null-routed at edge firewall,R. Iyer
ALT-3200,CSE-01,EN-SCADA-01,HIGH,brute-force,Repeated authentication failures on SCADA gateway,High rate of NTLM login failures originating from untrusted subnet,2026-07-14T15:02:00+05:30,2026-07-14T15:04:00+05:30,2026-07-14T15:56:00+05:30,CLOSED,Confirmed reconnaissance - source blocked,K. Rao
